titles,authors,nums,peoples
穷查理宝典,[美]彼得·考夫曼(编)/李继宏/上海人民出版社/2010-10-01/88.00,9,5724
聪明的投资者,本杰明·格雷厄姆、BenjaminGraham/王中华、黄一义/人民邮电出版社/2010-8/88.00元,9,3056
富爸爸，穷爸爸,（美）罗伯特・T・清崎、莎伦・L・莱希特/杨君，杨明/世界图书出版公司/2000-09/18.80,8.2,26642
彼得·林奇的成功投资,[美]彼得·林奇、约翰·罗瑟查尔德/刘建位、徐晓杰/机械工业出版社/2007-1/38.00元,8.7,5026
投资中最简单的事,邱国鹭/中国人民大学出版社/2014-10/45.90,8.7,2918
日本蜡烛图技术,（美）史蒂夫.尼森/丁圣元/地震出版社/1998-05-01/60.00元,8.9,3032
投资最重要的事,[美]霍华德·马克斯HowardMarks/李莉、石继志/中信出版社/2012-7/58.00元,8.8,2236
证券分析,本杰明·格雷厄姆、戴维·多德/邱巍/海南出版社/2004-1/60.00元,8.8,1679
手把手教你读财报,唐朝/中国经济出版社/2015-1-1/CNY49.00,8.7,1487
股票作手回忆录,爱德温.李费佛(美)/真如/海南出版社/2008/6/19.80元,8.7,4377
期货市场技术分析,[美]约翰.墨菲/丁圣元/地震出版社/1994-5-1/80.00元,9.1,1895
金融炼金术,[美]乔治·索罗斯/孙忠/等/海南出版社/1999-4/24.80元,8.4,2110
巴菲特致股东的信,(美)巴菲特(Buffett.W.E.)/陈鑫/机械工业出版社/2004-01/38.00元,8.2,2055
价值评估,蒂姆·科勒/高建、魏平、朱晓龙等/电子工业出版社/2007-2/88.00元,9.1,433
炒股的智慧,陈江挺/经济科学出版社/2004-1/22.00元,8.9,2127
怎样选择成长股,菲利普.A.费舍/罗耀宗/海南出版社/1999-10/19.80,8.5,1052
随机漫步的傻瓜,纳西姆·尼古拉斯·塔勒布/盛逢时/中信出版社/2012-7/39.00元,8.2,1956
漫步华尔街,麦基尔/骆玉鼎、彭晗/机械工业出版社/2008-4/48.00元,8.5,1323
股市真规则,帕特·多尔西/中信出版社/2006-1/38.00元,8.9,1057
说谎者的扑克牌,[美]迈克尔·刘易斯/孙忠/中信出版社/2007-1/35.00元,8.1,2623
大空头,（美）迈克尔•刘易斯/中信出版社/2011-1-20/42.00元,8.3,1855
投资银行、对冲基金和私募股权投资,(美)戴维·斯托厄尔/黄嵩、赵鹏/机械工业出版社/2013-4/99.00元,8.7,163
财务自由之路,博多·舍费尔/刘元/南海出版社/2010-1-1/28.00元,8.1,1723
Margin of Safety,SethA.Klarman/HarperCollins/1991-10/USD27.50,9.1,540
战胜华尔街,[美]彼得·林奇、约翰·罗瑟查尔德/机械工业出版社/2007-8-1/48.00元,8.4,1884
通向财务自由之路,范·撒普/董梅/机械工业出版社/2008年/48.00元,8.4,1080
解读基金,季凯帆/中国经济出版社/2007-4/22.00,8.4,1913
股市进阶之道,李杰/中国铁道出版社/2014-3/55,8.8,692
策略投资,王成、韦笑/地震出版社/2012-1/80.00元,9,347
巴菲特的护城河,帕特·多尔西/刘寅龙/广东经济出版社/2009年11月/29.80元,8.6,1083
财报就像一本故事书,刘顺仁/山西人民出版社/2007-3/28.00元,7.8,3066
滚雪球（上）,[美]艾丽斯·施罗德/覃扬眉、丁颖颖、张万伟、张春明、张艳云/中信出版社/2009-1/39.00,8,2310
巴菲特传,RogerLowenstein/蒋旭峰、王丽萍/中信出版社/2008-9/49.00元,8.2,1976
富可敌国,[美]塞巴斯蒂安·马拉比/徐煦/中国人民大学出版社/2011-1/59.80元,8.7,836
非理性繁荣,(美)罗伯特.J.希勒/廖理/中国人民大学出版社/2004-11/29.00元,8.1,1173
公司基本面分析实务,中能兴业/地震/2012-3/35.00元,8.7,323
投资学,ZviBodie、AlexKane、AlanJ.Marcus/朱宝宪/机械工业出版社/2005-7/89.00元,8.4,1464
Seeking Wisdom,PeterBevelin/PCAPublications/2007,9.1,169
中产阶级如何保护自己的财富,yevon_ou欧成效/中国友谊出版公司/2017-4-1/48,7.7,509
投资交易笔记,董德志/经济科学/2011-6/52.00元,8.6,384
专业投机原理,维克托·斯波朗迪/机械工业出版社/2008-3/68.00元,8.6,1130
海龟交易法则,柯蒂斯·费思/乔江涛/中信出版社/2007-12/38.00元,8.5,1292
股票大作手操盘术,杰西·利弗莫尔/丁圣元/企业管理出版社/2003-8-1/20.00元,8.6,1119
公司价值分析,李杰/光明日报出版社/2015-5-1/20.00,9.1,112
投资异类,王利杰/北京联合出版公司/2017-6-1/59.90,8.2,233
3G资本帝国,克里斯蒂娜·柯利娅/王仁荣/北京联合出版公司/2017-6-1/CNY69.90,7.4,396
逃不开的经济周期,拉斯·特维德/董裕平/中信出版社/2008-11/42.00元,8.3,770
摩根财团,[美]罗恩·彻诺(RonChernow)/金立群/江苏文艺出版社/2014-4-24/198.00,8.7,519
对冲基金风云录,[美]巴顿·比格斯/张桦、王小青/中信出版社/2007-1/42.00元,8.2,2215
乱世华尔街,渔阳/中国人民大学出版社/2011-3-2/39.80元,8.8,1373
史丹·温斯坦称傲牛熊市的秘密,史丹·温斯坦/曹乾/中国青年出版社/2008年06月/39.80元,9,687
价值投资,布鲁斯·格林威尔/机械工业出版社/2002-1/25,8.9,168
笑傲股市,（美）欧奈尔/宋三江/机械工业出版社/2010-1-1/58.00元,8.6,627
估值,（美）埃斯瓦斯·达莫达兰/李必龙、李羿、郭海/机械工业出版社/2013-6/99.00,8.7,137
机构投资的创新之路,大卫·F·史文森/中国人民大学出版社/2010-3-1/58.00元,8.9,286
邓普顿教你逆向投资,劳伦C•邓普顿、斯科特•菲利普斯/杨晓红/中信出版社/2010年10月1日/35.00元,8.2,1025
金融市场技术分析,（美）约翰·墨菲/丁圣元/地震出版社/2010-6/80.00元,8.9,432
A Man for All Markets,EdwardO.Thorp/RandomHouse/2017-1-24/USD30.00,8.6,61
投资者的未来,(美)杰里米J.西格尔(JeremyJ.Siegel)/李月平/机械工业出版社/2007-1/42.00元,8.3,695
商界局外人,[美]威廉·桑代克/许佳/北京联合出版公司/2016-9/59.90,8.5,123
巴菲特之道,罗伯特·哈格斯特朗/杨天南/机械工业出版社/2015-3-15/59.00,8.5,708
富爸爸财务自由之路,"RobertT.;Lechter,SharonL.Kiyosaki/龙秀/世界图书出版公司/2000-10/23.80",8.1,3178
滚雪球（下）,[美]艾丽斯·施罗德/覃扬眉、丁颖颖、张万伟、张春明、张艳云/中信出版社/2009-1/39.00,8.2,1697
原则,[美]瑞·达利欧/刘波、綦相/中信出版社/2018-1/CNY98.00,8.5,4463
超越金融,乔治·索罗斯/宋嘉/中信出版社/2010-4/28.00元,8.4,1347
私募股权投资管理,欧阳良宜/北京大学出版社/2013-9/52.00元,9,78
走出幻觉走向成熟,金融帝国/中国经济出版社/2012-7/38.00元,8.4,449
门口的野蛮人,布赖恩·伯勒、约翰·希利亚尔/张振华/机械工业出版社/2010-9/52.00元,8.2,1677
以交易为生,亚历山大·埃尔德/符彩霞/机械工业出版社/2007-3/36.00元,8.3,1032
股权战争,苏龙飞/北京大学出版社/2012-11/45.00元,8.5,560
重剑无锋,小小辛巴/沈阳出版社/2012-5/88,8.7,200
股市天才,乔尔·格林布拉特(JoelGreenblatt)/王正林、肖静、王权/中国青年出版社/2011-4-1/32.00元,8.4,241
主动投资组合管理,（美）理查德C.格林诺德（RichardC.Grinold）、雷诺德N.卡恩（RonaldN.Kahn）/李腾、杨柯敏、刘震/机械工业出版社/2014-9/100.00,9.3,61
投资学基础,(澳)科拉多等/白雪、胡波/北京大学出版社/2007-5/76.00元,9.3,83
共同基金常识,[美]约翰•博格/巴曙松、吴博/中国人民大学出版社/2011-12/88.00元,8.2,120
资本的游戏,房西苑/机械工业出版社/2008-10/70.00元,8.5,409
澄明之境,青泽/北京联合出版公司/2017-2-1/58,8.2,135
走进我的交易室,［美］亚历山大·艾尔德/鲍烈/地震出版社/2007-11/68.00元,8.6,495
十年一梦,青泽/企业管理出版社/2006-1/36.00元,8.4,1427
滚雪球,[美]艾丽斯·施罗德/中信出版社/2009-01-01/198.00元,7.7,399
交易心理分析,马克·道格拉斯/刘真如/电子工业出版社/2011-3/58.00元,8,617
风险投资家环球游记,吉姆·罗杰斯/上海人民出版社/2004-7/32.00元,8.4,794
梦想与浮沉,王骥跃、班妮/机械工业出版社/2016-1-1/CNY69.00,8.8,315
穿过迷雾,任俊杰/中国经济出版社/2016-10-1/68,8.5,162
大投机家,[匈]安德烈·科斯托拉尼/海南出版社/2006-1/30.00元,8.5,623
对冲基金奇才,（美）杰克•施瓦格（JackD.Schwager）/何澍鑫、刘姝君、徐君岭/机械工业出版社/2013-5/69.00元,8.9,126
查理·芒格的智慧,[美]RobertG.Hagstrom/郑磊、袁婷婷、贾宏杰/机械工业出版社/2015-4-1/49.00元,7.8,472
财务报表分析,马丁·弗里德森(MartinFridson)、费尔南多·阿尔瓦雷斯(FernandoAlvarez)/朱丽/中国人民大学出版社/2010-3/35.00元,8.5,125
资本之王,[美]戴维•凯里、[美]约翰•莫里斯/巴曙松/中国人民大学出版社/2011-11-30/59.80元,7.6,1184
有效资产管理,威廉•伯恩斯坦(WilliamJ.Bernste)/王红夏、张皓晨/机械工业出版社/2013-1/39.00元,8.4,134
巴菲特的投资组合,罗伯特・哈格斯特朗/江春/机械工业出版社/2000-06-01/20.00,8,250
创业之初你不可不知的融资知识,桂曙光/机械工业出版社/2010-6-1/48.00元,8.6,415
点球成金,迈克尔•刘易斯(MichaelLewis)/郑晓菊/法律出版社/2012-5-1/39.80元,8.4,285
旅行，人生最有价值的投资,吉姆·罗杰斯/张俊生/中信出版社/2011-7/32.00元,7.8,1354
诚信的背后,弗兰克·帕特诺伊/邵琰/当代中国出版社/2005-10/30.00元,8.1,1172
一个证券分析师的醒悟,张化桥/中信出版社/2010-9/30.00元,7.9,1847
邻家的百万富翁,[美]托马斯·J.斯坦利、威廉·D.丹科/陈季东/海南出版社/1998-08/21.80元,7.4,691
贼巢,斯图尔特/刘天佑/国际文化出版公司/2004-05/48.00元,8.2,450
华尔街幽灵,阿瑟·L.辛普森/张志浩、关磊/中国社会科学出版社/2008-3/38.00元,8.1,648
沃伦·巴菲特之路,小罗伯特·G·海格士多姆/清华大学出版社/2007-5/28.00元,8.8,287
史上最伟大的交易,[美]格里高利•祖克曼/施轶/中国人民大学出版社/2010-7-1/49.80元,8,345
期货交易策略,斯坦利•克罗(StanleyKroll)/山西人民出版社/2013-3-1/45.00元,8.6,241
股市趋势技术分析,爱德华/中国发展出版社/2004-02-01/68.00元,8,498
克罗谈投资策略,斯坦利・克罗/刘福寿/中国经济出版社/2003-7-1/15.00元,8,693
约翰.聂夫的成功投资,约翰·聂夫、史蒂文·明茨/吴炯谢小梅/机械工业出版社/2008-4/38.00元,8.1,342
股市操练大全,黎航/上海三联书店/1999-11/29.80元,8.2,352
金融心理学,拉斯·特维德/周为群/中国人民大学出版社/2003-11/29.00元,7.8,1071
彼得·林奇教你理财,彼得·林奇、约翰·罗瑟查尔德/宋三江、罗志芳/机械工业出版社/2010-1/36.00元,7.7,753
滚雪球（上）(纪念版),[美]艾丽斯•施罗德/中信出版社/2013-7,8.2,204
赌金者,罗格.洛温斯坦/孟立慧/上海远东/2006-07-01/35.00元,8.5,469
手把手教你读财报2,唐朝/中国经济出版社/2017-1-1/56,8.4,169
低风险投资之路,徐大为/中国经济出版社/2014-6-1/CNY48.00,7.4,722
我在高盛的经济预测法,[美]约瑟夫H.埃利斯/任曙明等/机械工业出版社/2011-6/39.00元,7.6,208
不落俗套的成功,大卫·F·斯文森/武倩/中国青年出版社/2009-4-1/36.00元,7.6,181
期权、期货和其他衍生品（第5版）,（加）约翰.赫尔（JohnC.Hull）/清华大学出版社/2006-3-1/68.00,9,820
门口的野蛮人2,（美）乔治•安德斯/胡震晨/机械工业出版社/2012-12/50.00元,8.4,143
投资交易笔记（续）,董德志/经济科学出版社/2016-9-1/CNY50.00,8.8,80
经济数据背后的财富密码,李迅雷/经济科学出版社/2017-6-28/68.00,7.8,55
富爸爸投资指南,[美]罗伯特·T.清崎、莎伦·L.莱希特/王丽洁等/世界图书出版公司/2001-3/39.80元,8,1691
并购之王,丹尼斯J.罗伯茨/唐京燕、秦丹萍/机械工业出版社/2014-4-29/CNY78.00,8,153
投资大师罗杰斯给宝贝女儿的12封信,[美]吉姆·罗杰斯/洪兰/中国青年出版社/2009-1/28.00,8.1,887
教你炒股票,缠中说禅/科学技术文献出版社/2013-10/86.00元,8.9,180
短线交易大师,奥利弗・瓦莱士、格雷格・卡普拉、张丹丹/张丹丹/地震出版社/2004-5-1/48.00元,8,374
量化投资策略,理查德·托托里罗/上海交通大学出版社/2013-5/98.00元,7.6,82
金融怪杰,杰克·施瓦格/韩晓文、和玉虹、李晓民/中国经济出版社/2012-7/36.00元,8.4,245
投资银行,乔舒亚·罗森鲍姆、乔舒·亚珀尔/刘振山、曹建海、注册估值分析师协会/机械工业出版社/2014-9-1/99.00元,8.8,68
财务模型与估值,PaulPignataro/刘振山、张鲁晶/机械工业出版社/2014-10-17/68.00元,8.5,70
钱的外遇,周显/广东经济/2009-8/28.00元,7.8,364
风险投资交易,[美]布拉德·菲尔德、[美]杰森·门德尔松/桂曙光/机械工业出版社/2014-8/49.00元,9.2,69
宽客,[美]斯科特•帕特森/卢开济、译科/中国人民大学出版社/2011-7/56.00元,8.1,755
Efficiently Inefficient,LasseHejePedersen/PrincetonUniversityPress/2015-4-13/USD46.95,8.9,30
日本蜡烛图技术新解,（美）史蒂夫·尼森（SteveNison）/梁超群，陈辉/机械工业出版社/2011-8/38.00元,8.2,214
个人理财,ArthurJ.Keown/汪涛、郭宁/中国人民大学出版社/2010-5/79.00元,8.1,168
财务报表分析,黄世忠/中国财政经济出版社/2007-2-1/70.00元,9.1,321
艾略特波浪理论,小罗伯特・鲁格劳特・普莱切特、阿尔弗雷德・约翰・弗罗斯特/陈鑫/机械工业出版社/2003-1-1/38.00元,7.9,567
股市稳赚,乔尔·格林布拉特/李佳、卢晓晖/中信出版社/2007-4/18.00元,7.8,517
一本书读懂财报,肖星/浙江大学出版社/2014-7-1/35.00元,8.9,2369
证券分析师的最佳实践指南,詹姆斯J.瓦伦丁/王洋/机械工业出版社/2012-1/78.00元,8.3,216
策略投资方法论,申银万国策略投资团队/山西人民出版社/2014-8-1/98.00,8.5,53
高频交易员,【美】迈克尔•刘易斯/王飞王宇西陈婧译、郑磊校译/中信出版社/2015-5-1/49.00元,7.8,523
明明白白看年报,袁克成/机械工业/2009-4/32.00元,8,286
股市长线法宝,杰里米J.西格尔/范霁瑶/机械工业出版社/2009-1/48.00元,8.2,269
一个农民的亿万传奇,傅海棠/中国经济出版社/2013-4/36.00元,8.5,234
资本的规则,张巍（清澄君）/中国法制出版社/2017-6-1/69.00元,9,112
百箭穿杨,小小辛巴/机械工业出版社/2014-5/49.00,7.7,534
格雷厄姆投资指南,[美]本杰明·格雷厄姆/王大勇、包文彬/江苏人民出版社/2001-9/17.00元,8,264
估值建模,诚迅金融培训公司实用投融资分析师认证考试教材编写组/中国金融/2011-6/82.00元,8.9,82
Black Edge,SheelahKolhatkar/RandomHouse/2017-2-7/USD28.00,9,39
小狗钱钱,[德]博多·舍费尔/王钟欣、余茜/中国工人出版社/2002-2/15.80元,8.7,9473
估值的艺术：110个解读案例,尼古拉斯.斯密德林/李必龙、李羿/机械工业出版社/2015-8/59,8.2,65
金融投机史,（英）爱德华•钱塞勒/姜文波/机械工业出版社/2013-4/59.00元,8.1,82
巴菲特教你读财报,MaryBuffett/李凤/中信出版社/2009-8/30.00元,7.2,827
投资的护城河,[美]希瑟·布里林特（HeatherBrilliant）、[美]伊丽莎白·柯林斯（ElizabethCollins）/汤光华、张坚柯、罗维/人民邮电出版社/2016-10-1/CNY59.00,7.6,102
戴维斯王朝,[英]约翰﹒罗斯查得/胡雍丰、傅晶/东方出版社/2005-1/20.00元,7.9,189
投机者的扑克,扁虫鱼/机械工业出版社/2010-8/38.00元,8.2,421
Market Wizards,JackD.Schwager/Collins/1993-01-27/USD17.00,9,86
盘口解读技术,克利斯多夫.舒马赫/李书路/广东经济出版社有限公司（广东经济出版社/2006-11/38.00元,7.8,142
股权投资基金运作,叶有明/复旦大学/2009-2/42.00元,8.5,204
投资之道,理森/中信出版社/2012-8/46.00元,8.6,179
股权资产估值,美）杰拉尔德E.平托、托马斯R.罗宾逊、伊莱恩•亨利、约翰D.斯托/刘醒云/机械工业出版社/2012-7-1/99.00元,9.2,36
不确定条件下的投资,(美)阿维纳什﹒迪克西特(AvinashK.Dixit)(美)罗伯特﹒平迪克(RobertS.Pindyck)、罗伯特·平迪克/阿维纳什·迪克西特/中国人民大学出版社/2002-11/49.0,9.3,38
菜场经济学,财上海/中国友谊出版公司/2016-9-1/42,7.7,482
非同寻常的大众幻想与群众性癫狂,（英）麦基/李绍光等/中国金融出版社/2000-05/29.00,7.8,327
金钱游戏,张建军编/地震出版社/2004-4/18.00元,8.5,343
投资正途,丁圣元/丁圣元/第2版(2008年11月1日)/2008-11/60,8,189
道氏理论,罗伯特·雷亚/3www/地震出版社/2008-7/30.00元,8.2,302
股票K线战法,史蒂夫·尼森/环宇证券投资顾问公司/宇航出版社/2004-1/35.00元,7.6,207
钱不要存银行,胜间和代/中信出版社/2010-6/25.00元,6.9,781
旅行，人生最有价值的投资2,（美）吉姆•罗杰斯/王晓鹂/中信出版社/2013-9/36.00元,8.4,187
"与巴菲特共进午餐时,我顿悟到的5个真理",盖伊•斯皮尔/张尧然、杨颖玥/中国青年出版社/2015-7-1/49,8.4,111
巴菲特与索罗斯的投资习惯,马克·泰尔/乔江涛/中信出版社/2005-9/29.00元,7.8,972
小乌龟投资智慧,伍治坚/电子工业出版社/2017-2/59.8元,7.8,178
在股市大崩溃前抛出的人,（美）伯纳德·巴鲁克/张伟/机械工业出版社/2008-12-1/48.00元,8.3,244
期权投资策略,劳伦斯G.麦克米伦/郑学勤/机械工业出版社/2010-1/128.00元,8,32
价值,蒂姆·科勒、理查德·多布斯、比尔·休耶特/金永红、倪晶晶、单丽翡/电子工业出版社/2012-1/45.00元,8.1,100
Der Hass auf den Westen,JeanZiegler/HainerKober/C.BertelsmannVerlag/2009-9-1/GBP16.73,9.6,56
轻松读懂财报,胜间和代/中信/2009-11/22.00元,8.1,316
1929年大崩盘,约翰·肯尼斯·加尔布雷思/上海财经大学出版社/2006-10/25.00元,7.6,580
查理·芒格传,[美]珍妮特·洛尔(JanetLowe)/邱舒然/中国人民大学出版社/2009-10-1/49.80,7.4,468
学会花钱,[日]野口真人/谷文诗/江西人民出版社·后浪出版公司/2016-7/36.00,7.3,566
财富公式,威廉·庞德斯通/万卷出版公司/2008-1/32.00元,7.7,202
奥马哈之雾,任俊杰、朱晓芸/机械工业出版社/2010-9/39.00元,8.1,294
1000%的男人,(日)菲阿里、炭谷道孝/朱元曾、王虹/中国三峡出版社/2006-6/38.00元,8,146
投资者的敌人,朱宁/中信出版社/2014-2/58.00,7.7,149
艺术里的金钱游戏,蔡康永、陈冠宇/湖南文艺出版社/2011-9-1/32.00元,7.3,1402
投资学精要,兹维·博迪、亚历克斯·凯恩、艾伦·马科斯/陈雨露/人民大学/2003-3/90.00元,8.5,144
外汇短线交易的24堂精品课,魏强斌、MartinTaylor、王浩、Bull/经济管理出版社/2009年09月/68.00元,7.8,203
避开股市的地雷,张化桥/中国人民大学出版社/2010-1/36.00元,7.9,457
资产配置的艺术,戴维·达斯特/中国人民大学出版社/2009-11/36.00元,6.8,68
与天为敌,伯恩斯坦/穆瑞年/机械工业出版社/2007年6月1日/38.00元,8,313
巴菲特法则,(美)玛丽·巴菲特//戴维·克拉克|译者:李凤/李凤/中信/2008-10/42.00元,7.5,158
证券分析实践,林森池/当代世界出版社/2005-10/38.00元,8.2,375
财务报表分析与证券投资,姜国华/北京大学出版社/2008-9/35.00元,8,201
债券市场分析和策略,弗兰克·J.法博兹/李伟平/北京大学/2007-1/76.00元,8.3,85
荣辱二十年,阚治东/中信出版社/2010-1-1/38.00元,8.2,1412
价值再发现,(美)珍尼特・洛尔/李琰/张伟/吕旭峰/等/机械工业出版社/2000-07/25.00,8.8,56
黑天鹅,[美]纳西姆·尼古拉斯·塔勒布/万丹/中信出版社/2008-5/39.00,7.7,6662
风险投资交易,（美）布拉德·菲尔德、（美）杰森·门德尔松/金多多/机械工业出版社/2012-9/52.00元,9,54
超越恐惧和贪婪,赫什·舍夫林/贺学会/上海财经大学出版社/2005-4/37.00元,8,150
股票操作学,张龄松、罗俊（编）/中国大百科全书出版社/1997-1/36.80,7.7,207
Your Complete Guide to Factor-Based Investing,AndrewLBerkin、LarryESwedroe/Buckingham/2016-10-7/USD12.99,8.6,10
系统交易方法,波涛/经济管理出版社/1998-1-1/25.00元,8.3,226
伟大的博弈,[美]约翰·S.戈登/祁斌/中信出版社/2005-1/39.00元,7.7,10545
巴菲特,沃伦.巴菲特/陈鑫/中国财经出版社/18.00,7.2,100
上市公司财务报表解读,本杰明·格雷厄姆/王玉平/华夏出版社/2004-1/20.00元,7.2,203
投资：一部历史,[美]诺顿·雷默杰西·唐宁/中信出版集团股份有限公司/2017-2-1/CNY68.00,8.9,38
对冲基金,罗闻全/寇文红/东北财经大学出版社/2011-7/58.00元,8.1,40
高级技术分析,布鲁斯·巴布科克/广东经济出版社有限公/2007-7/68.00元,8.9,179
债券投资策略（原书第2版）,［美］　安东尼·克里森兹（AnthonyCrescenzi）/林东/机械工业出版社/2016-1-12/69.00,8.5,40
癫狂与恐慌,【美】巴顿•比格斯（BartonBiggs）/崔传刚/中信出版社/2016-2,9.6,49
五大关键数字力,林明樟（MJ老师）/商周出版/2017-1-17/420,8.1,41
祖鲁法则,吉姆·斯莱特/刘静/浙江人民出版社/2013-6/45.90元,8.4,194
从报表看企业——数字背后的秘密（第二版）,张新民/中国人民大学出版社/2014-10-10/48,7.7,59
黑石的起点，我的顶点,[美]彼得·彼得森/施轶/万卷出版公司/2011-4/56.00元,7.8,538
低风险投资之路（第二版）,徐大为、刘颖/中国经济出版社/2016-4-1/58.00,7.7,130
期货大作手风云录—初入期海,逍遥刘强/东方出版社/2015-4/38,7.3,436
疯狂的投资,[美]约翰.S.戈登/于倩/中信出版社/2014-12/42.00,9.2,366
达摩达兰论估价,艾斯沃斯.达摩达兰/罗菲/东北财经大学出版社/2010-10/78.00元,7.4,31
老二非死不可,方三文/机械工业出版社/2013-12/39.00,8.4,493
给你一个亿,查立/电子工业出版社/2010年04月/32.80元,7.6,985
企业战略博弈,格林沃德/程炼/机械工业/2006-11/38.00元,9.2,68
在不确定的世界,罗伯特・鲁宾、李晓岗、王荣军、张凡/李晓岗、王荣军、张凡/中国社会科学出版社/2004-9-1/35.00元,8.1,406
对冲基金经理笔记,拉尔斯·克罗耶/孙忠/中国财经/2011-8/39.80元,8,107
金钱永不眠,香帅无花(唐涯)/中信出版集团/2017-3-1/CNY48.00,7.5,290
富爸爸(辞职创业前的10堂课)/富爸爸系列丛书,罗伯特·T·清崎莎伦·L·莱希特/电子工业出版社/2006-1/26.00元,8.2,870
期货交易技术分析,施威格/马龙龙/等/清华大学出版社/1999-12/75.00元,8.1,219
黄金屋,史蒂文·卓布尼/机械工业/2008-1/48.00元,8.1,144
富爸爸房地产投资指南,罗伯特·清崎/宋宏宇/南海出版社/2011-3/45.00元,7.7,142
格雷厄姆,本杰明·格雷厄姆/杨宇光/上海远东出版社/2008-1/39.00元,7.8,261
经营分析与评价,（美）帕利普、（美）希利/朱荣/东北财经大学出版社有限责任公司/2008-6/39.00元,8.6,24
中国证券市场批判,袁剑/中国社会科学出版社/2004-12/26.00元,8.7,568
读懂银行股,那一水的鱼/中国经济出版社/2016-9-1/48,7.8,127
“快”钱游戏,春晓、马赛客/机械工业出版社/2017-5-1/30.00,8,58
振荡指标MACD,凌波/陕西师范大学出版社/2011-4/35.00元,8.6,116
鹏城楼市风云录,蔡拥富/2013-6-30,8.6,75
量价分析,[英]安娜·库林/肖凤娟/中国青年出版社/2016-9-1/49.00,7.4,66
猎金之王刘銮雄,李国华/北京联合出版公司/2016-7/49.00元,8.5,65
短线交易秘诀,拉里·威廉斯/穆瑞年等/机械工业出版社/2007-1/38.00元,7.7,406
99%的人一看就会的理财书,【美】卡尔•理查兹（CarlRichards）/中信出版社/2016-8/39.00,7.1,113
那些滚雪球的人,王星/浙江人民出版社/2013-7-1,7.6,546
现代投资组合理论和投资分析,[美]埃德温·J·埃尔顿等/人民大学/2006-1/79.00元,9,33
买基金为自己加薪,萧碧燕/中信出版社/2011-6-20/26.00元,7.5,589
打开量化投资的黑箱,里什·纳兰/郭剑光/机械工业/2012-3/45.00元,7.4,224
拿工薪，三十几岁你也能赚到600万,【加拿大】安德鲁•哈勒姆/孟波、刘寅龙/2012-7-15/36.00元,7.7,292
疯狂的投资,约翰·S·戈登/于倩/中信出版社/2007-3/32.00元,7.6,159
长赢投资,约翰·博格/刘寅龙/中信出版社/2008-5/39.80元,7.8,91
疯子、骗子和傻子,阎志鹏、赵妍、朱思维/商务印书馆/2015-7/49.90,7.9,27
我如何在股市赚了200万,尼古拉斯·达瓦斯/机械工业出版社/2006-1/19.80元,7.7,457
投资第一课,那一水的鱼/中国经济出版社/2015-6-1/49.80,7.4,222
财务金融建模,西蒙·本尼卡/邵建利/格致出版社/2010-11/96.00元,8.7,53
量化交易,欧内斯特·陈/黄嵩/东北财经大学出版社/2014-1-1/28,7.6,136
高胜算操盘,马赛尔·林克/广东经济出版社/2006-5/48.00元,8.2,253
劳阿毛说并购,劳志明/中国法制出版社/2015-11-1/CNY45.00,7.7,269
积极资产配置投资者理财指南,马丁·J·普林格/张晔明/中国青年出版社/2008-1/43.80元,8.1,42
股市投资致富之道,（美）菲利普·A.费雪著/刘寅龙译/广东经济/2009-7/32.00元,8.1,159
魔鬼投资学,[美]迈克尔·莫布森/刘寅龙/广东经济出版社/2007-10-1/35.00元,7.5,305
巴菲特幕后智囊：查理•芒格传,【美】珍妮特•洛尔（JanetLowe）/邱舒然/中国人民大学出版社/2016-10-1/69,7.7,86
金牌投资人,龙在宇/湖南文艺出版社/2016-7-1/39.80元,8.2,269
投资哲学,刘军宁/中信出版社/2013-8-1/38.00元,7.2,420
高频交易,（美）艾琳·奥尔德里奇（IreneAldridge）/南华期货研究所、谈效俊、杨燕/机械工业出版社/2011-6/42.00元,7.9,136
华尔街证券分析：股票分析与公司估值（原书第2版）,［美］杰弗里C.胡克(JeffreyC.Hooke)/林东、刘潇然/机械工业出版社/79.00,7.6,32
对冲基金风云录2,巴顿·比格斯/张桦、筱莙/中信出版社/2012-6/48.00元,7.7,270
论势,曹仁超/中国人民大学出版社/2009年5月/38.00元,7.8,697
投资魔法书,端宏斌/中信出版社/2008-7-1/39.00元,8.4,222
选择做富人,徐建明/2015-3-1,8.2,128
当大脑遇到金钱,贾森·茨威格/刘寅龙/广东经济出版社/2009-11/35.00元,7.9,164
超级天使投资,戴维·罗斯/桂曙光、尚孟生/中国人民大学出版社/2015-5/49.00元,8.2,46
运用财务报表进行企业分析与估价,克里舍・G・佩普、保罗・M・希利、维克多・L・伯纳德/2004-1/85.00元,8.3,43
阿佩尔均线操盘术,【美】杰拉尔德·阿佩尔（GeraldAppel）/人民邮电出版社/2017-2-15/55.00,7.6,16
外汇交易进阶,魏强斌/经济管理出版社/2008-3/38.00元,7.8,219
富爸爸不公平的优势,罗伯特·清崎/宋宏宇苑立文/南海出版社/2012-5/29.80元,7.9,173
股票魔法师,【美】MarkMinervini（马克.米勒维尼）/张泂/电子工业出版社/2015-1/59.00元,8.8,98
股市心理博弈（修订版）,(美)约翰·迈吉/吴溪/机械工业出版社/2003年/58.00,7.4,237
外汇交易指南,皮埃尔·安东尼·杜索里尔/赖岸林、范懿君/山西人民出版社/2011-6/48.00元,7.5,91
股票投资的24堂必修课,威廉·欧奈尔/中国青年出版社/2007-1/39.90元,7.3,286
赋能式投资,[巴西]弗朗西斯科.S.奥梅姆.德.梅洛（Franciscos.homemdemello）/南春雨/华夏出版社/2017-2-1/48.00,6.4,59
上市公司公告解读25讲,深圳证券交易所投资者教育中心/机械工业出版社/2011-7/36.00元,8.4,82
经济指标解读,伯纳德•鲍莫尔（BernardBaumohl）/徐国兴申涛/中国人民大学出版社/2009-5/48.00元,8,146
金融街,梁成/中信出版集团/2017-2/48.00,7.9,309
一个投资家的20年,杨天南/机械工业出版社/2016-7/69.00,7.2,232
苏黎世投机定律,马克斯·贡特尔/高颖/中国经济出版社/2007-4/29.80元,7.7,231
学会估值，轻松投资,[美]阿斯沃斯·达摩达兰/陈召强/中信出版社/2015-11-15/38.00元,6.8,53
巴菲特怎样选择成长股,蒂默西・韦克/刘磊/中国财政经济出版社/2002-5/29.80元,8,143
公司理财,斯蒂芬A.罗斯/机械工业出版社/2007-1/78.00元,8.8,1304
时间的玫瑰,但斌/山西人民出版社/2007-10/38.00元,7,997
华尔街证券分析,(美)杰弗里.C.胡克/陈键、林海、谢月兰、于江/经济科学出版社/1999-12/59.80元,8.9,46
解读量化投资,忻海/机械工业出版社/2010-1/32.00元,7.3,380
哈林顿在现金桌,丹·哈林顿、比尔·罗伯特/孙培源/成都时代出版社/2014-9-1/52.00元,9.2,108
逆向思考的艺术,[美]汉弗莱·B·尼尔/丁圣元/海南出版社/2001-4/15.00元,7,331
街头智慧,（美）吉姆•罗杰斯（JimRogers）/杨青/机械工业出版社/2013-5/39.00,7.5,291
股价为什么会上涨,[美]里昂·利维（LeonLevy）、尤金·林登（EugeneLinden）/萧达/群言出版社·后浪出版公司/2016-8/42.00元,7.4,38
一个交易者的资金管理系统,班尼特·A.麦克道尔/张轶/万卷出版公司/2009-12/36.00元,7,211
我是如何弄垮巴林银行的,尼克.李森/张友星/中国经济出版社/1996－10－1/18.60,7.3,165
菜鸟看财务报表一学就会,耐力投资/中国铁道出版社/2013-10-1/39.80元,7.5,155
亚洲财务黑洞,ChinHweeTan、ThomasR.Robinson/张鲁明/机械工业出版社/2015-3-23/CNY68.00,8,72
重塑证券交易心理,BrettN.Steenbarger/清华大学出版社/2004-1/39.00元,8.1,200
市场的(错误)行为:风险、破产与收益的分形观点,[美]贝努瓦·B·曼德尔布罗特、[美]理查德·L·赫德森/中国人民大学出版社/2009-7/35.00元,8.3,82
期货交易者资金管理策略,(美)瑙泽.J.鲍尔绍拉/上海财经大学出版社/2007-1/32.00元,8,76
巴菲特致股东的信,理查德·康纳斯/何正云/中信/2010-8/45.00元,9,48
Trading and Exchanges,"LarryHarris/OxfordUniversityPress,USA/2002-10-24/USD95.00",9.3,48
交易圣经,布伦特·奔富/麻勇爱、严海淼、童锡基/机械工业出版社/2012-12/59.00元,7.4,118
财务报表分析与证券定价,斯蒂芬·H·佩因曼/中国财政经济出版社/2005-9/98.00元,8,96
宽客人生,EmanuelDerman/张戬/中信出版社/2007-7/38.00元,7.9,739
价值投资,詹姆斯·蒙蒂尔/刘寅龙/机械工业/2011-4/58.00元,8,68
沸腾的岁月,[美]约翰·布鲁克斯/万丹/中信出版社/2006-10-1/35.00元,7.7,300
行为金融,威廉·福布斯/孔东民/机械工业出版社/2011-6/62.00元,8.4,34
逆向投资策略,大卫•德雷曼/郑磊等/机械工业出版社/2013-4/59.00元,7.4,86
看懂股市新闻,袁克成/机械工业出版社/2009-5/32.00元,8.2,220
客户的游艇在哪里,施韦德/孙健/机械工业出版社/2007-7/25.00元,7,270
憨夺型投资者,莫尼什·帕伯莱/陈龙/机械工业出版社/2008-7/30.00元,8,172
固定收益证券手册,弗兰克·J·法博齐/中国人民大学出版社/2005-11/125.00元,8.8,72
巴比伦最富有的人,乔治·克拉森/刘祥亚/南海出版公司/2009-8/20.00元,7.7,354
学习学习再学习,张志雄/上海财经大学出版社/2006-1/33.00元,7.5,149
半路出家的投资银行家,(美)乔纳森·尼/贝多广叶扬覃扬眉/中信出版社/2008年/38.00元,8,441
分级基金与投资策略,刘明军、郑志勇/电子工业出版社/2015-11/49.80元,7.9,85
投机教父尼德霍夫回忆录,尼德霍夫/王权、肖静/中国青年出版社/2010-4-1/45.00元,7.5,192
投资存亡战,（美）杰拉尔德·M.勒伯/张捷、本力/上海财经大学出版社/2008-8-1/32.00元,7.8,85
经济运行的逻辑,高善文/中国人民大学出版社/2013-5/49.00元,8.5,539
从亏损到赢利,马博/企业管理出版社/2008年6月/36.00元,8,105
德扑之王,老邱/中国商业出版社/2013-10-15/42.80,8.1,297
穷思维 富思维,童大焕/东方出版社/2012-11/42.00元,8.1,98
富爸爸年轻退休,[美]罗伯特·T.清崎、莎伦·L.莱希特/李钊平/电子工业出版社/2003-4/28.00元,7.9,637
价值平均策略,迈克.E.埃德尔/顾安/上海财经大学出版社/2008-1/29.00元,8.3,89
财务报表分析与运用,GeraldI.White、AshwinpaulC.Sondhi、DoFried/李志强/中信出版社/2008-7/120.00元,8.6,38
行为投资学手册,詹姆斯·蒙蒂尔/王汀汀/中国青年出版社/2017-1-1/39.00元,7.6,66
以交易为生 II,[美]亚历山大·埃尔德（AlexanderElder）/马福云/机械工业出版社/2013-9-1/55.00元,7.7,108
证券混沌操作法,比尔・威廉姆/黄嘉斌/宇航出版社/1999-9-1/19.00,7.7,270
Expected Returns,AnttiIlmanen/Wiley/2011-3-14/USD80.00,9.2,29
技术分析,（美）马丁·J.普林格/任若恩、马向前、沈沛龙、刘莉亚、邓云胜/中国财经/2003-11/80.00元,7.6,96
热门商品投资,JimRogers/蒲定东/中信出版社/2005-9/29.00元,7.8,593
香港企业购并经典,冯邦彦/2008-4/35.00元,8.6,70
基金长青,范勇宏/中信出版社/2013-3/58.00元,7.6,250
华尔街之狼,马克·史蒂文斯（MarkStevens）/刘骏/浙江大学出版社/蓝狮子/2017-2/49.00元,7.2,68
应用公司财务,阿斯沃思·达摩达兰/芮萌、张逸民/中国人民大学出版社/2012-7/88.00元,10,10
投资分析与组合管理,弗兰克·K·赖利、基思·C·布朗/李伟平/中国人民大学出版社/2011-3/168.00元,8.2,18
资本投资与估值,理查德·A·布雷利(RichardA.Brealey)、斯图尔特·C·迈尔斯(StewartC.Myers)/中国人民大学出版社/2010-1-1/69.00元,8.9,16
开放社会,[美]乔治·索罗斯/王宇/商务印书馆/2001-8/25.00元,8.3,186
江恩华尔街45年,威廉・D・江恩/陈鑫/机械工业出版社/2003-1/22.00元,7.4,458
墨菲论市场互动分析: 教您掌握全球金融市场关系的获利法则,墨菲/罗耀宗/寰宇出版股份有限公司/2006/460元,9,29
房地产赚钱笔记,王派宏//邵慧怡/中国青年/2010-7/23.00元,7.6,83
股市极客思考录,彭道富/海天出版社/2015-6-1/CNY49.80,7.5,82
投资的本源,宋军/中国经济出版社/2016-1-1,7.1,122
玩赚地球,吉姆·罗杰斯/范盱阳/2008-6/39.00元,7.5,146
麦克米伦谈期权,劳伦斯G.麦克米伦/郑学勤/机械工业出版社/2008-1/80.00元,8.7,66
赢得输家的游戏,查尔斯·D.埃利斯/王茜/机械工业出版社/2010-6/36.00元,7.9,158
环球投资旅行,（美）克里斯托弗•迈耶/徐梦蔚、钟娜/机械工业出版社/2013-5/59.00元,7.5,50
投资心理学,约翰·诺夫辛格/刘丰源、张春安/北京大学出版社/2005-5/21.00元,7.8,164
技术交易系统的新概念,威尔斯·威尔德/浙江大学/1997-10-1/30.00,7.9,20
自律的交易者,马克·道格拉斯/张轶/地震出版社/2010-6/36.00元,7.8,118
华尔街的肉,安迪·凯斯勒/李芳龄/上海人民出版社/2006-11/22.00元,7.6,439
财务诡计,"霍华德M.施利特(HowardM.Schilit)(作者),杰里米·皮勒(JeremyPerler)/赵银德(译者),张平(译者),沈维华(译者)/机械工业出版社/2012-5/49.80元",7.7,111
从零开始学炒股：股票入门与实战,马涛/人民邮电出版社/2015-5-1/39.80元,7.2,76
股市博弈论,杨新宇/陕西师大/2000-1/27.00,8,92
财务智慧,卡伦.伯曼/刘璐/商务印书馆/2008-2/47.00元,8.6,391
垃圾债券之王,【美】康妮•布鲁克/赵国、李佳佳/中信出版社/2013-7-30/45.00,7.5,67
楼市探秘,杨红旭/机械工业出版社/2013-7-24/38,7.9,66
亚当理论,威尔斯·威尔德/包文兵/山西人民出版社/2012-4/36.00元,7.4,167
中国重组,王世渝/中国民主法制出版社/2013-4/48.00元,8.4,110
精明交易者,佩里·J·考夫曼/江宁/广东经济出版社/2006-9/45.00元,7.5,71
金融建模与投资管理中的数学,塞尔焦·M·福卡尔迪、弗兰克·J·法博齐/龙永红、何宗炎/中国人民大学出版社/2011-1/78.00元,9.2,17
股票投资就问三个问题,肯·费舍/黑龙江科学技术出版社/2008-2/39.80元,8.2,80
股票大作手操盘术(珍藏版),杰西•利弗莫尔、理查德•斯密特/邓力、鞠玮婕/人民邮电出版社/45.00,9.5,66
外汇交易三部曲,魏强斌/经济管理出版社/2010-10/49.00元,8.4,60
投资策略实战分析,詹姆斯·奥肖内西/马海涌、李闻、高闻酉/机械工业出版社/2014-1/129,7.4,49
趋势交易法,鹿希武/中国金融出版社/2008-1/80.00元,7.8,90
冷静自信的交易策略,[美）麦考尔著/薛迪安/海南出版社/1999-5/17.80元,8.1,93
中国股市,华生/东方出版社/2013-1/48.00元,8.5,60
台湾股市大泡沫,江平/兴业全球基金/中信出版社/2009-1/35.00元,7.3,163
看盘细节,潘伟君/地震出版社（图书选题策划中心）/2006-1/26.00元,7.3,181
史瓦格期貨基本分析,JackD.Schwager/寰宇財務顧問公司/JohnWiley＆Sons/1998年7月/480元,9.6,29
交易员、枪和钞票,萨蒂亚吉特·达斯/刘莉亚/上海财经大学出版社/2010-1/42.00元,8,73
动能指标,马丁·J·普林格/经济科学出版社/2000-5/30.00元,8.3,70
巴菲特的投资组合(珍藏版),（美）罗伯特•哈格斯特朗/江春/2013-10/35.00,7.6,76
美国房地产大亨唐纳德·特朗普的投资课,罗斯/林月清/电子工业出版社/2006-1/18.00元,7.6,50
全球风口：积木式创新与中国新机遇,王煜全、薛兆丰/浙江人民出版社/2016-1-1/CNY62.90,7.8,206
从零开始学炒股,杨金、等/机械工业出版社/2010-5-1/39.00元,6.8,270
安东尼·波顿的成功投资,安东尼·波顿/寇彻/机械工业出版社/2010-3-1/28.00元,7.7,236
金融体系中的投资银行,[美]查里斯.R.吉斯特(CharlesR.Geisst)/郭浩/经济科学出版社/1998-01/29.00,7.6,58
新金融资本家,贝克尔著/孙经纬/上海财经大学出版社/2010-1/30.00元,7.9,79
估值就是讲故事：创业融资与投资,Dr.2/机械工业出版社/2015-8-5/39.00元,7.2,96
巴比伦富翁的理财课,乔治・克拉森、比尔李/比尔李/中国社会科学出版社/2005-1-1/28.00元,7.7,987
Beat the Market,EdwardO.Thorp、SheenT.Kassouf/RandomHouse/1967-9-30/USD12.95,7.9,10
从众危机,（美）路德维希B.钦塞瑞尼/李必龙、李羿、郭海/机械工业出版社/2013-12/65.00,8,34
私募帝国,贾森•凯利(JasonKelly)/机械工业出版社/2013-6-1/58.90元,6.3,291
索罗斯,（美）索罗斯、（美）韦恩、（德）科南/真如/海南出版社/1997-11/28.00元,8,153
雪球投资,林起/经济科学/2010-12/39.80元,7.5,182
投资的常识,[美]伯顿•马尔基尔（BurtonG.Malkiel）、[美]查尔斯•埃利斯（CharlesD.Ellis）/汤颖/中国人民大学出版社/2015-1/36.90元,7.8,72
投资收益百年史,ElroyDimson、PaulMarsh、MikeStaunton/中国财政经济出版社/2005-6/30.00元,7.3,32
逃向期货,[美]利奥·梅拉梅/陈晗/上海百家/2004-01-01/48.0,8.6,32
机械交易系统,威斯曼/木亦/广东经济出版社/2007-5/38.00元,7.9,133
超额收益,刘哲/中国铁道出版社/2016-5/55,7.3,89
格雷厄姆之道,姜开舰/中国经济出版社/2017-4/48,7.2,53
至高无上,约翰·波伊克/荣军/上海财经大学/2006-10/23.00元,7.8,151
可转债投资魔法书（第2版）,安道全/电子工业出版社/2014-6/49.00元,7.9,111
Beat the Dealer,EdwardO.Thorp/Vintage/1966-4-12/USD13.00,8.8,33
向格雷厄姆学思考向巴菲特学投资,劳伦斯・A・克尼厄姆、王庆、徐隽/王庆、徐隽/中国财政经济出版社/2005-1/39.80元,7.5,163
投资者的记分牌,周展宏/机械工业出版社/2015-6-1/48.00元,7.3,18
财务报告与分析,丁远、（法）埃韦尔•施托洛韦、米歇尔J.勒巴/机械工业出版社/2013-8/99.00,9,22
白话金融投资,忻海/机械工业出版社/2009/38.00元,7.6,138
市场、群氓和暴乱,(美)罗伯特·门斯切/刘宝权、郑佩芸、朱欣微/上海财经大学出版社/2006-10/30.00元,7.8,176
广厦天下,陈淮/中国发展出版社/2011-7-1/70.00元,8.5,121
缠中说禅:教你炒股票(配图校注版),培峰/中国宇航出版社/2015-2-1/48.00,7.7,73
中国创投简史,投资界网站/人民邮电出版社/2017-1-1/55,7,86
大投机家的证券心理学,安德烈·科斯托拉尼/林琼娟/重庆出版集团（重庆出/2007-7/32.00元,7.6,316
Option Volatility & Pricing,SheldonNatenberg/McGraw-Hill/1994-8-1/USD65.00,8.8,38
从报表看企业,张新民/中国人民大学出版社/2012-7/36.00元,8.4,102
我的PE观,陈玮/中信出版社/2011-12/39.00元,7.3,205
Midas外汇交易指南,Midas/吉林大学出版社/2007/30.00元,7.7,96
私募江湖,仇晓慧/中信出版社/2010年3月/42.00元,7,381
中国式价值投资,李驰/中国人民大学出版社/2010年5月/39.80元,7.3,461
对赌,陈楫宝/湖南文艺出版社/2012-10/39.80元,7.1,663
正能量投资学,端宏斌/中国发展出版社/2013-3/42.00元,7.8,28
市场法估值,[美]香农P.普拉特（ShannonP.Pratt）/注册估值分析师协会/机械工业出版社/2017-3/79元,8.6,10
钱途,杜枫/北京大学出版社/2009-2/48.00元,7.8,148
投资丛林,加里斯洛夫斯、托米/王飞、侯贝贝/中信出版社/2009年/39.00元,7.6,115
量价秘密,蒂莫西·奥德/益智/上海财经大学出版社/2009-11/29.00元,8.4,82
金融学,(美)博迪、莫顿/伊志宏/中国人民大学出版社/2000-10/50.00元,8.1,792
成功并购,德硕管理咨询/中国金融出版社/2011-1-1/39.00元,7.9,47
金融市场与金融机构基础,弗兰克·J·法博齐、弗兰科·莫迪利亚尼、弗兰克·J·琼斯/孔爱国、胡畏、张湄/机械工业出版社/2010-9/79.00元,8.6,168
格雷厄姆,[美]本杰明·格雷厄姆/上海远东出版社/2015-12/58.00元,7.5,10
一本书读懂风险投资,（美）巴斯更/王正林/中信出版社/2011-4/42.00元,7.6,128
"价值投资,从看懂财报开始",孙旭东/机械工业出版社/2012-7-1/30.00元,8.8,108
我是如何成功的,乔治·佩雷斯/李淼/学林出版社/2010-1/28.00元,7.2,30
如果巴西下雨，就买星巴克股票,彼得·纳瓦罗/牛红军/中国人民大学出版社/2011-3/36.00元,8.7,125
在周期的拐点上,高善文/中国发展/2006-1/30.00元,8.1,26
一路骗到底,大卫·艾因霍恩/张伟、吴溪、韦鲁鹏/机械工业出版社/2009-3/48.00元,8.3,68
期货市场的技术,林辉太郎/毛蘭频/地震出版社/2011-3/50.00元,8.2,65
投资革命,彼得·伯恩斯坦（Bernstein/李繁康，邓哲夫，李挺生/上海远东出版社/2001-8/28.00,7.7,74
下一个大泡泡,（美）哈里.S.登特（HarryS.Dent）/阮一峰/中国社会科学出版社/２００５/28.00元,7.8,204
专业投资者选股策略、方法和工具,王成/2007-6/39.80元,7.9,65
每日交易心理训练,布雷特N.斯蒂恩博格(BrettN.Steenbarger)/沈阳格微翻译服务中心/2010-7/53.00元,7.4,55
期货投资的艺术,黄圣根/机械工业出版社/2012-12/39.00元,9.1,111
Investment Banking,JoshuaRosenbaum、JoshuaPearl/JohnWiley&Sons/2009-5-4/USD80.00,8.3,125
证券操盘技术,彭冬初/广东经济/2009-2/100.00元,7.9,74
约翰•邓普顿的投资之道,乔纳森•戴维斯、阿拉斯戴尔•奈恩/李翔/机械工业出版社/2013-9/45.00,8.2,68
陆一良心说股事,陆一/浙江大学出版社/2013-1-1/72.00元,8.1,26
香港股史,郑宏泰/东方出版中心/2007-1/50.00元,8.2,153
证券交易新空间,比尔・威廉姆/地震出版社/2003-1/45.00元,7.7,133
赌场式交易策略,（美）理查德L.威斯曼/蒋雪、解前勇、刘海龙等/机械工业出版社/2014-1/45.00,7.7,55
华尔街之狼,乔丹·贝尔福特/苏鸿雁/中信出版社/2013-12/45.00元,7.3,395
喧哗与骚动,阿奎/中信出版社/2008-10/48.00元,8,109
对冲之王,詹姆斯·欧文·韦瑟罗尔/汪涛郭宁安然/浙江人民出版社/2015-5/59.90,7.8,71
股市操练大全（第二册）,黎航/三联书店上海分店/2001-01/32.80元,8.1,188
指数基金,费里(PerriR.A.)/上海财经大学出版社/2004-1/19.00元,7.4,15
影子银行内幕,张化桥/黎木白/机械工业出版社/2013-10/39.00,7.6,494
创造金钱  长期资本管理公司的传奇,邓巴(Dunbar)/俞卓菁/第1版(2002年1月1日)/2002年1月1日/17.00元,8.4,60
中国创投20年,陈友忠刘曼红廖俊霞/中国发展出版社/2011-11/39.80元,7.9,66
反脆弱,[美]纳西姆•尼古拉斯•塔勒布/雨珂/中信出版社/2014-1-1/68.00元,8.2,3992
谁说咸鱼没有梦想,水湄物语/北京联合出版公司/2015-10/CNY35.00,7.3,339
策略为先,刘鹏程/中国铁道出版社/2015-7-1/49.80,7.3,109
零基础学理财,王在全/文化发展出版社/2017-5-1/45,6.2,46
大交易,布鲁斯・瓦瑟斯坦/吴全昊/海南出版社/2000-1/39.80,7.5,42
理财·投资,(美)埃里克・泰森/机械工业出版社/2006-1-1/39.80元,7.6,24
交易冠军,马丁·舒华兹/王正林、王权/中国青年出版社/2012-6/39.00元,7.6,282
百战成精,花荣/经济管理出版社/2012-2/39.80元,6.6,159
操纵金钱,(美)安迪・凯斯勒/张志莉、周年洋/上海人民出版社/2006-1/28.00元,7.7,180
渐行渐近的金融周期,彭文生/中信出版集团/2017-6/65.00,9,171
聪明投资者的成功之道,陈晓虎/中国铁道出版社/2015-7-1/69.80,7.7,29
上班族小奥的千万富翁养成记,小奥/新星出版社/2011-3/25.00元,7.2,309
投资组合管理,（美）约翰L.马金、唐纳德L.塔特尔、杰拉尔德E.平托、丹尼斯W.麦克利维/李翔、刚健华/机械工业出版社/2012-7/149.00元,8.7,23
投资者文摘,张志雄、《Value》杂志社编辑/《Value》杂志社/2006-1-1/50,8.4,10
股市之神,是川银藏/吕理州/时报文化出版有限公司/1991-7/64.00元,7.3,78
大钱,弗雷德里克·科布里克/中信出版社/2009-11/36.00元,6.7,89
让你赚大钱,"Donald.Trump、Kiyosaki,R.T/陈秀玲、陈正芬/中信出版社/2008/39.00元",7.5,213
半斤非八两,盖瑞・贝斯基、托马斯・季洛维奇/李红艳/中国商业出版社/2003-1-1/19.80,7.6,86
出师,扬韬/孙成钢/新世纪出版社/2009-4-1/35.00元,7.6,94
索罗斯带你走出金融危机,乔治·索罗斯/机械工业出版社/2008-11/29.00元,7.7,290
行为金融学,李国平/北京大学出版社/2006-1/39.00元,7.5,35
黄金游戏,占豪/上海财经大学出版社/2008-6/25.00元,6.6,258
我为什么要投资你,李晓艳/中国商业出版社/2012-5/39.80元,7.5,280
股市风云二十年,肖宾/机械工业出版社/2010-1/38.00元,7.6,122
中国债券资本市场（中文版）,高坚/经济科学出版社/2009-6/99.00元,7.2,41
银行行长不轻易说的理财经,宗学哲/2012-11/32.00元,6.6,75
一个台湾人在大陆四年的投资笔记,刘坤灵/上海财经大学出版社/2011-6-30/32.00元,7.7,170
论性,曹仁超/中国人民大学出版社/2010.6/39.80元,7.6,272
财务报表分析,索弗/肖星、陈晓/清华大学出版社/2005-8/49.00元,8,30
看懂经济数据，学会投资理财,冯少杰/2013-2/32.00元,7.4,25
非富不可：曹仁超给年轻人的投资忠告,曹仁超/中国人民大学出版社/2013-7/42.80元,7,127
中国株式市場の真実―政府・金融機関・上場企業による闇の構造,"張志雄、高田勝巳/ダイヤモンド社/2007-6-29/JPY2,520",8.5,70
Investment Science,DavidG.Luenberger/OxfordUniversityPress/1997-7-3/USD149.95,8.8,77
上市公司并购重组流程及案例解析,江苏省上市协会/2015-3-1,8.6,20
格雷厄姆谈投资,[美]罗德尼·克莱因、戴维·达斯特/张岩、李红梅/中信出版社/2010-8/62.00元,8.5,57
法柏报告,戴维・法柏、肯・柯森/陈琇玲、蓝美贞、高仁君/中信出版社/2003-5/20.00元,7.8,91
邓普顿金律,约翰·马克思·邓普顿、詹姆斯·艾利森/应韶荃、粟志敏/上海交通大学出版社/2010/23.00元,8,27
冒险与直觉,约翰·科茨（JohnCoates）/陶亮/中信出版集团/2016-1-1,8,43
交易的艺术,[英]诺亚·霍洛维茨/张雅欣、昌轶男/东北财经大学出版社/2013-12/62,7.8,20
大势研判,任泽平/中信出版社/2016-7-1/CNY65.00,7.6,69
家族财富,（美）比尔•邦纳（BillBonner）、威尔•邦纳（WillBonner）/穆瑞年、林凌、徐长征/机械工业出版社/2013-6/49.00,8,38
金融的哲学,周洛华/西南财经大学出版社/2014-9-1/32.00,8.3,113
现金流量与证券分析,（美）肯尼斯・汉科／尤西・李凡特/张凯／刘英／等/华夏出版社/2001-01/45.00,7.8,32
Value,McKinsey&CompanyInc.、TimKoller、RichardDobbs、BillHuyett/Wiley/2010-11-9/USD29.95,8.5,32
华尔街点金人,杰克.斯沃吉尔/程永顺/西苑出版社/1998-7/19.80元,8,78
现在启动,D戴维·何/中国城市出版社/2004-1/18.00元,7.5,31
超越技术分析,图莎尔·钱德/罗光海/万卷出版公司/2010-1/55.00元,7.3,77
租屋達人顏福榮── 教你月薪3萬也能賺上千萬,顏福榮/I’m我識/2008-6-11/NT220,8,21
资本市场的混沌与秩序,埃德加·E·彼得斯/经济科学出版社/1999-3/43.50元,7.7,54
论战,曹仁超/中国人民大学出版社/2009.09/39.80元,7.7,378
复杂性、风险与金融市场,埃德加·E·彼得斯编/宋学锋/人民大学/2004-1/30.00元,7.8,79
股票买卖原则,威廉·欧奈尔/中国劳动/2005-9/29.00元,7.9,97
亿万富翁想的和你不一样,（美）斯科特•安德森（ScotAnderson）/刘祥亚/重庆出版社/2009年10月/26.80元,7.7,165
投资的头号法则,布朗/刘寅龙/广东经济出版社/2008-3/39.80元,8.1,96
智者傲行,陆东/文化传信有限公司/2009-3/hk$98,8.3,87
一个华尔街瘾君子的自白,詹姆斯·J·克拉默/万丹/中信出版社/2003-12/27.00元,7.7,150
选股决定盈亏,拉里·威廉姆斯/中国青年出版社/2007-8/36.00元,6.4,24
理财不用懂太多,那一水的鱼/中国经济出版社/2016-5,7.1,99
富爸爸商学院,莎伦・L・莱希特、李钊平、王东、罗伯特・T・清崎/李钊平、王东/电子工业出版社/2004-7-1/18.00,7.4,566
大牛市,玛吉·马哈尔/秦传安/上海财经大学出版社有限公司/2011-8/56.00元,7.8,21
投资中最重要的事,斯蒂芬·彭曼/戴德明、周华/中国人民大学出版社/2015-11-1/49.00元,6.8,19
与索罗斯一起走过的日子,梁恒/广东经济/2012-2/35.00元,7.6,181
财务分析技术,埃里克·赫尔弗特/人民邮电/2010-11/88.00元,7.8,12
股爷您上坐,王安/华艺出版社/2000-12/19.80,8.9,44
筹码分布,陈浩/中国商业出版社/2002-1-1/45.00,8.4,97
兼并、收购与公司重组,帕特里克A.高根/朱宝宪/机械工业/2004-10/56.00元,8.1,82
上市公司财务问题及其分析,肖星/中国计划出版社/2002-10/27.00元,7.5,10
悲观博士考夫曼论货币与市场,[美]亨利·考夫曼（Henry/海南出版社/2001-01/27.80,8.6,45
长线,查尔斯·埃利斯/吴文忠/中信出版社/2007-01/32.00元,7.4,81
投机者的扑克,扁虫鱼/机械工业出版社/2014-3/50.00,8.2,138
索罗斯传,罗伯特·斯莱特/陶娟/湛庐文化/2009-3/49.80元,7.3,318
定价未来,（美）乔治G.斯皮罗（GeorgeG.Szpiro）/王彩虹/机械工业出版社/2014-8-9/69.00,8,93
投资学（第五版·上）,[美]威廉·F.夏普(WilliamF.Sharpe)/赵锡军等/中国人民大学出版社/1998-08/38.00元,8.4,87
100倍超级强势股,[美]杰西·C.斯泰恩（JesseC.Stine）/谭浩/广东经济出版社/2015-11-1/49.80元,8.8,72
从零开始学手机炒股,龙飞/人民邮电出版社/2015-10/45.00元,8.8,24
巴菲特之道,[美]玛莉•巴菲特（MaryBuffett）大卫•克拉克（DavidClark）著/欧冶译/中国人民大学出版社/2008.3/29.80元,7.5,104
风险投资操作手册,戴维·格拉斯通(DavidGlandstone)、劳拉·格拉斯通(LauraGladstone)/复旦大学中国风险投资研究中心/北京大学出版社/2008-5/39.00元,7.9,70
走向财务自由的投资组合,[美]亚历山大·格林/粟之敦/中国人民大学出版社/2012-4/39.99元,6.9,43
并购估值,（美）克里斯M.梅林（ChrisM.Mellen）、弗兰克C.埃文斯（FrankC.Evans）/李必龙、李羿、郭海　等/机械工业出版社/2014-11/69.00,7.3,31
年报掘金,孙旭东/中国财政经济出版社/2009-1/46.00元,7.6,105
股市奇才,杰克·施瓦格/张帅/海南出版/2006-7/28.00元,7.4,164
闲不住的手,陆一/中信出版社/2008-12/42.00元,7.7,122
财源滚滚,罗伯特·G·艾伦/黎莱芳/世界图书出版公司/2002-1-1/23.8,7.5,24
如何从商品期货交易中获利,威廉·D·江恩/李国平/机械工业/2007-1/58.00元,7.2,133
透视繁荣,高善文/中国物价出版社/2007-11/45.00元,8.3,71
超级金钱,亚当·史密斯/机械工业出版社/2007-5/32.00元,7.7,78
证券市场的风险与心理,波涛/中国社会科学出版社/2006-1/36.00元,8.4,63
资产配置的艺术,(美)戴维・M.达斯特/李康等/上海人民出版社/2005-01/33.00,7.2,38
期貨交易策略,StanleyKroll/羅耀宗/IRWINProfessionalPublishing/1993年8月/260元,9,41
千炼成妖,花荣/经济管理出版社/2013-8-1/CNY52.00,6.5,91
个人理财,卡普尔/上海人民/2006-11/65.00元,7.9,83
资本市场,祁斌/中信出版社/2010年8月/58.00元,7.7,130
金牌投资人2,湖南文艺出版社/2017-2/39.80,7.9,116
资本市场的混沌与秩序,(美)埃德加.E.彼得斯/王小东/经济科学出版社/1999-03/28.5,8,39
REITs：房地产投资信托基金（原书第4版）,（美）拉尔夫L.布洛克(RalphL.Block)/宋光辉、田金华、屈子晖/机械工业出版社/2014-10/59.00,7.3,49
What I Learned Losing a Million Dollars,JimPaul、BrendanMoynihan/ColumbiaUniversityPress/2013-4-30/USD27.95,7.7,14
爱嘉定投魔法,嘉实基金管理有限公司/北京大学出版社/2012-11/49.00元,7.4,76
投资学:以EXCEL为分析工具(原书第3版),（美）霍顿/蔡庆丰/机械工业出版社/2010-6-1/38.00元,7.4,19
铁血并购,罗伯特·F.布鲁纳/沈嘉/上海财经大学出版社/2008-8/42.00元,7.7,33
投资的四大支柱,[美]威廉·伯恩斯坦/汪涛、郭宁/中国人民大学出版社/2014-1-20/69.90,7,41
为什么雪球滚不大,(美)马修·奥尔森//德里克·范·贝弗|译者:粟志敏/粟志敏/中国人民大学/2010-3/32.00元,6.6,41
如何从数字中拧出关键信息,特雷西/清华/2005-12/25.00元,7.6,53
富爸爸，窮爸爸（套書４本）,高寶/2002年08月21日/NT$1060,8.6,44
二战股市风云录,巴顿·比格斯/张韧/中信出版社/2011-5/49.00元,7.1,43
华尔街股市投资经典,(美)詹姆斯.P.奥肖内西/王丹徐翌成等/经济科学出版社/1999-12/55.00,7.3,43
给创业小白的财报书,[美]道恩·福图普鲁斯/曾琳/江西人民出版社·后浪出版公司/2016-10/39.80,9,97
风险投资、私募股权与创业融资,乔希·勒纳、安·利蒙、费尔达·哈迪蒙/路跃兵、刘晋泽/清华大学出版社/2015-8/68.00元,9.1,18
富爸爸投资指南,罗伯特·T·清崎/电子工业出版社/2005-7/29.00元,7.9,244
管道的故事,（美）哈吉斯/江雅苓/中国对外翻译出版社/2002-04/11.80元,7.5,519
Investment Valuation,AswathDamodaran/Wiley/2001-12-21/USD75.00,8.5,30
对冲基金风云录1,[美]巴顿·比格斯/张桦、王小青/中信出版社/2013-11-1/48.00,8.5,39
背离技术分析,江南小隐/中国宇航出版社/2013-3/29.80元,7.4,20
35岁前要上的33堂理财课,曾志尧/中信出版/2008-9/36.00元,5.6,1038
绝境与生机,（美）斯蒂芬·韦恩斯/张兴旺、郑佩芸/上海财经/2006-10/31.00元,7,60
超级强势股,肯尼思L.费雪/高小红，迟云，钟雄鹰/机械工业/2009－1－1/38.00元,7.9,89
私募股权基金的募集与运作,邹菁/2009-4/48.00元,7.6,80
渐行渐远的红利,彭文生/社会科学文献出版社/2013-4-1/58.00元,8.9,297
趋势跟踪,迈克尔·卡沃尔/那希尧/广东经济出版社/2009-5/38.00元,6.6,156
股票估值实用指南,加里·格雷/张甦伟、杨南超/上海财经大学出版社/2009-8/36.00元,7.3,67
华尔街巨人,华尔街日报编辑部/吴全昊/海南出版社/2000-12/39.80元,6.4,19
一炮走红的国家,鲁奇尔·夏尔马/常世光/中信出版社/2013-5-30/59.00元,8.5,610
统计套利,（美）安德鲁·波尔（AndrewPole）/陈雄兵、张海珊/机械工业出版社/2011-1-1/38.00元,6.6,97
散户至上,（美）阿瑟•莱维特，葆拉•德怀尔/陈剑萍，严莉/中信出版社/2005-01/28.00,7.8,80
How to Make Money in Stocks,WilliamJ.O'Neil/McGraw-HillEducation/2009-7-16/GBP17.99,8.6,38
跳着踢踏舞去上班,[美]卡萝尔·卢米斯/张敏/北京联合出版公司/2017-11/109.90元,7.5,158
大牛市·股殇,诸葛就是不亮/中信出版集团/2015-10-1/39.80,8.1,89
风险投资的游戏,[美]威廉•H•德雷帕三世/李莉、石继志/中信出版社/2011-12/39.00元,8.2,40
日本蜡烛图教程,(SteveNison)史蒂夫•尼森/何平林/天津社科院/2010-8/60.00元,7.6,110
蜡烛图精解,格列高里·莫里斯/杜焱/中国财政经济出版社/2004-6/39.80元,7.4,76
储备与稳定,本杰明.格雷厄姆/储祥银/海南出版社三环出版社/2000-3/29.80,7.3,40
如何投资数字货币,王博、周朝晖/电子工业出版社/2017-1-1/68,6.4,15
价值评估方法与技术,北京中能兴业投资咨询有限公司/中国档案出版社/2006-1-1/36.00元,8,37
杰西.利弗莫尔疯狂的一生,理查德•斯米顿/山西人民出版社/2013-5-1/48.00元,7.8,56
解读私募股权基金,周炜/机械工业出版社·华章/2008-6/35.00元,7.6,124
The Little Book of Common Sense Investing,JohnC.Bogle/JohnWiley&Sons/2007-3-20/GBP19.99,8.5,43
菲波纳奇高级交易法,魏强斌/社科文献出版社/2009-6/39.00元,7.6,61
我懂你的理财焦虑,王诗文/电子工业出版社/2017-4/49,7.7,40
以趋势交易为生,托马斯·K.卡尔博士/张轶/万卷出版公司/2009-12/38.00元,7.4,49
逆向投资策略,戴维·德瑞曼/安凡所、邹方斌/海天出版社/2001-02/18.00元,7.6,81
巴菲特投资案例集,黄建平/中国经济出版社/2013-10/39,6.6,91
商业地产投资建设,大连万达商业地产股份有限公司/清华大学出版社/2014-3/340.00元,8.5,29
定量投资分析,理查德·A·德弗斯科、丹尼斯·W·麦克利维、杰拉尔德·E·平托、戴维·E·朗克尔/劳兰珺、王祺/机械工业出版社/2012-7/99.00元,8.3,41
Mr. China,TimClissold/HarperBusiness/2006-2-28/USD14.99,8.6,45
高收益债券与杠杆收购,王巍、（美）施迈克/机械工业出版社/2012-7-11/59.90元,7,26
How brands grow part 2,JenniRomaniuk、ByronSharp/2015-11-19,7.9,10
规划财富人生,杨天南/中国金融出版社/2013-1/36.00元,7.4,52
海龟交易特训班,迈克尔·柯弗/赵娅/中国人民大学出版社/2009.7/39.80元,6.8,79
金融投资400年,[英]查尔斯•马凯、[荷]约瑟夫•德•拉•维加/古吴轩出版社/2016-6/38.00,6.2,52
金融之王,[美]利雅卡特•艾哈迈德/巴曙松、李胜利/中国人民大学出版社/2011-5-1/62.00元,7.9,507
理财有道,刘彦斌/人民出版社/2007-11/23.00元,6.8,360
楼海,熊子/海天出版社/2013-2/50元,8.6,15
技术分析与股票盈利预测,沙巴克/地震出版社北京发行部（原地震出版社）/2007-5/68.00元,8.5,27
Why Stock Markets Crash,DidierSornette/PrincetonUniversityPress/2004-3-14/USD30.95,7.8,18
投机与骗局,马丁S.弗里德森/王娟/机械工业出版社/2007-7/36.00元,7.3,131
我最需要的理财常识书,王华/浙江人民出版社/2013-3/28.00元,6.5,305
金钱游戏,亚当•史密斯/广东经济出版社/2011-5/32.00元,6.8,64
华尔街的扑克牌,(美国)阿伦·布朗/陈学彬/上海财经大学出版社/2008-8/37.00元,7.8,67
企业上市审核标准实证解析,张兰田/北京大学/2011-1/48.00元,9.3,65
给你一个亿-你能干什么？,查立/中国华侨出版社/2012-4/39.80元,7.7,89
金手铐的救赎——一个投资银行家的海啸后自白,黄元山/中国人民大学出版社/2009年11月/39.8,7.9,124
笑傲牛熊,【美】史丹·温斯坦/亦明/中国人民大学出版社/2015-9/49.00元,8.9,27
炒股入门与技巧,覃维桓/经济管理出版社/2005-4/15.00元,7.1,68
非理性市场与蜥蜴式大脑思维,特里·伯纳姆/李海波/2008-4/32.00元,7.2,89
专业交易人士技术分析,康斯坦丝·布朗/海南出版社/2003-6/45.00元,8.2,37
最后的合伙人,查尔斯·R.盖斯特/向桢/中国财政经济出版社/2003-04-01/29.80元,7.3,79
股票投资心理战术,马丁·J.普林格/周媛/中国青年出版社/2009-6/28.00元,7.7,43
The Richest Man in Babylon,GeorgeS.Clason/Signet/2004-2-1/GBP8.99,7.1,48
投资组合的熵理论和信息价值,鲁晨光/中国科学技术大学出版社/1997-10/15,8.5,15
期货期权入门,约翰·C·赫尔/张陶伟/中国人民大学出版社/2001-4/56.00元,8.1,72
数字信徒,马恺文/宋宏宇/南海/2011-11/38.00元,7.4,105
港股滚雪球,杨饭/中国经济出版社/2017-4-1/CNY52.00,6.4,40
零起点Python大数据与量化交易,何海群/电子工业出版社/2017-2/99,4.7,16
5000到350万炒股手记,刘宏/2010-9/28.00元,7.2,41
傑西．李佛摩股市操盤術 ( 完整版 ),JesseL.Livermore、RichardSmitten/陳文慶/McGraw-Hill/2007年4月/380元,9.4,21
信贷的逻辑与常识,刘元庆/中信出版集团/2016-12/79.00,8.9,104
不作不死,顽石/中国发展出版社/2014-11-1/CNY55.00,8.2,134
十年十倍,金伟民（@持有封基）/中国经济出版社/2017-7,6.4,30
股市之神是川銀藏,是川銀藏、伊東誠/大牌出版社/2011-3-4/NT$300,8.7,19
创建自己的交易系统,维·伊·萨芬/中国财政经济出版社/2006-9/30.00元,6.9,46
华尔街顶级证券分析师的忏悔,[美]丹·莱因戈尔/译林/2007-5/28.00元,7.7,87
富人的28个理财习惯,朴容锡/徐涛/中信出版社/2007-7/29.00元,7.2,448
Street Smarts,JimRogers/CrownBusiness/2013-2-5/USD26.00,8.7,44
巴菲特选股魔法,洪瑞泰/2008-4/25.00元,8.2,44
风险与好的决策,[德]格尔德·吉仁泽/王晋/中信出版股份有限公司/2015-4/59.00元,7.6,149
投资大围猎,王晓萌/经济管理/2011-1/38.00元,8.7,60
风投大师,[美]安德鲁·罗曼斯/郑磊/机械工业出版社/2014-12-1/49.00元,7.2,28
Damodaran on Valuation 2E,AswathDamodaran/JohnWiley&Sons/2006-8-22/GBP57.50,7.7,19
The Total Money Makeover,DaveRamsey/ThomasNelson/2009-12-29/USD24.99,7.2,38
我是高频交易工程师：知乎董可人自选集,董可人/知乎/2015-11-4/3.99,7.9,96
并购大时代,张伟华/中国法制出版社/2017-1-1/CNY79.00,7.1,29
下一个暴富点,（美）肯·费雪劳拉·霍夫斯曼/刘寅龙/广东人民出版社/2013-6/68.00元,8.4,38
牛市需冷静,雪球出品/中国铁道出版社/2015-5-1/49.80,6.2,118
资产配置手册,【英】YoramLustig/李天骋、胡曾犀、朱弘、郑志勇/电子工业出版社/2017-2/79.8,7,11
解码信托,郑智、王文韬/中信出版股份有限公司/2014-7-1/58.00元,8.3,38
天使投资,唐滔/浙江人民出版社/2012-4-30/56.99元,7.3,132
战胜政策市,袁幼鸣/浙江大学出版社/2010.2/38.00元,7.9,64
登峰之路,青木/广东经济出版社/2001-01/20.00,8.2,88
作局,柴志强/机械工业出版社/2010-6/38.00元,7.8,215
超简单！一学就会的外汇投资交易,视觉图文/人民邮电出版社/2015-2-1/45.00元,9.8,21
约翰·邓普顿爵士的金砖,约翰·邓普顿/付瑜、张清泉/中国青年出版社/2008-1/29.80元,7.2,104
什么是价值投资,劳伦斯·柯明汉姆/田路/华夏出版社/2004-1/12.80元,7.7,99
证券投资理论与证券投资战略适用性分析,波涛/经济管理出版社/2003-03-01/35.00元,7.6,44
利率史,（美）悉尼·霍默、（美）理查德·西勒/中信出版社/2010/92.00元,7.6,127
外汇狙击手,小何//魏强斌/山西人民/2010-5/48.00元,7.5,36
投资思想史,马克·鲁宾斯坦/机械工业出版社/2009-2/56.00元,7.8,49
从零开始学理财（全新版）,张鹤/中国铁道出版社/2015-3-1/39.8,7,96
让时间为你积累财富,梁军儒/武汉大学出版社/2011-8/28.00元,7.6,74
证券期货投资计算机化技术分析原理,波涛/经济管理出版社/1998-07/30.00元,7.7,72
中国风险投资与私募股权（中英文对照）,陈永坚/2008-1-1/368.00元,8.2,39
格雷厄姆经典投资策略,珍妮特·洛尔/冯钢、葛建敏/山西人民出版社/2011-8/42.00元,8.7,28
断层地带,杰弗里·摩尔（GeoffreyA.moore）著/季晓楠，凌炜译/机械工业出版社/2009-1/33.00元,9,21
黄金高胜算交易,2011-7/35.00元,8.6,37
理财趁年轻,李晨、薛莉萍/中国铁道出版社/2016-9-1/CNY39.00,7.5,30
对冲基金经理回忆录（原书第2版）,（美）拉尔斯•克罗耶/黄菊、杨睿/机械工业出版社/2013-10-1/39.00,7.9,49
打破神话的投资十诫,埃斯瓦斯·达莫达兰/何岚/机械工业出版社/2006-5/39.80元,8.1,48
大熊市启示录,拉塞尔•纳皮尔/钱睿、高彩霞/湛庐文化策划中国人民大学出版社/2009-8/49.80元,7.2,47
证券投机的艺术,[德]安德烈?科斯托拉尼（AndréKostolany）/郑磊/机械工业出版社/2016-8/59.00,7.6,15
Liar's Poker,MichaelLewis/HodderPaperbacks/2006-6-5/GBP9.99,8.9,85
索罗斯模式,乔治·索罗斯/机械工业/2010-3/36.00元,8.2,68
跨市场交易策略,[美]约翰J.墨菲（JohnJ.Murphy）/王帆、高闻酉、马海涌/机械工业出版社/49,6.8,39
费雪论创富,中国人民大学出版社/2009-12/32.00元,7.9,83
疯狂、惊恐和崩溃,查尔斯·P.金德尔伯/叶翔、朱隽/中国金融出版社/2007-04-01/48.00元,7.5,203
资本,资本之鹰/2012-9/38.00元,7.3,62
交易密码,邵悦华/2012-10/68.00元,8.3,18
资产配置投资实践,【英】YoramLustig（尤拉姆拉斯汀）/孙静、郑志勇、李韵/电子工业出版社/2016-5/99.00元,7.5,13
赢家法则,博多·舍费尔/南海/2010-8/26.00元,7.4,72
一個投機者的告白之証券心理學,安德烈．科/林瓊娟/商智文化/2002年08月27日/NT$260,8.8,22
资本市场,弗兰克·J·法博齐、弗朗哥·莫迪利亚尼/汪涛、郭宁/中国人民大学出版社/2011-7/85.00元,8.8,10
断层线,[美]拉古拉迈·拉詹/刘念、蒋宗强、孙倩、刘开雄/中信出版社/2011-7/49.00元,8.2,777
觀念決定一生的財富,顏福榮/观念力文化/2009-9-1/NT$280,8.4,12
趋势投资50年,拉斯·特维德/许瑞宋/山西人民出版社/2012-6/39.80元,7.7,42
股市稳赚,[美]乔尔·格林布拉特/李佳、卢晓晖/中信出版集团,8.5,68
优势投资法则：冠军交易者的7项修炼,谭昊/机械工业出版社/2016-8/49.00,7.4,33
打败庄家,博智/德宏民族出版社/2004-1/33.80元,7.9,135
富人的阴谋,罗伯特•清崎/南海出版公司/2010-11-1/28.00元,7.4,196
冰与火,红旗出版社/2010-12-1/35.80元,7,120
怎样评估成长股的内在价值,弗雷德里克·马丁、尼克·汉森、斯科特·林克、罗宾·尼克斯基/张雯/地震出版社/2013-10-1/48,7.9,30
远离风口,李爱民，方会磊/机械工业出版社/2015-9-1/46,8.3,24
并非有效的市场,(美)史莱佛/赵英军/人民大学/2003-1/48.00元,8.7,39
财务管理分析,罗伯特·C.希金斯/沈艺峰/北京大学出版社/2009-1/42.00元,8.9,65
富爸爸教你买卖贵金属,迈克·马隆尼/王立天/鹭江出版社/2010-11/35.00元,7.8,108
中国PE的法律解读,北京市道可特律师事务所、道可特投资管理（北京）有限公司/中信出版社/2010-8-1/49.80元,8.1,76
投融资那点事儿,崔凯/人民邮电出版社/2015-7/45.00,7.6,44
投资大白话,我是腾腾爸/中信出版集团股份有限公司/2016-7-1/18,7.3,83
我在股市活了下来,尼古拉斯·达瓦斯（NicolasDarvas）/机械工业出版社出版/2007-5-1/21.00元,7.2,97
股市信息藏宝图,袁克成/2009-4/32.00元,7.8,145
法博齐讲金融,[美]帕梅拉•彼得森•德雷克、弗兰克J.法博齐/刘晓龙、刚健华、刘舫舸/2012-6/59.00元,7.7,53
富爸爸富孩子，聪明孩子,[美]罗伯特·T.清崎、莎伦·L.莱希特/王丽洁/世界图书出版公司/2001-10/24.80元,7.6,441
期货市场计算机分析指南,查尔斯·勒博（CharlesLebeau）、大卫·W·卢卡斯（DavidW.Lucas）/何苗/华中科技大学出版社/2012-4/55.00元,8,38
伯格谈共同基金,约翰·C·伯格/中国青年/2008-1/39.00元,7.7,35
外汇交易圣经,魏强斌/经济管理出版社/2011-1/50.00元,8.2,27
Ray Dalio,"Surhone,LambertM.编、Tennoe,MariamT.编、Henssonow,SusanF.编/BetascriptPublishing/2011-3/$54.24",7.7,10
笨蛋也能年赚100万,伊藤喜之/尹妮/江西科技/2011-8/28.00元,7.4,102
创业公司的动态股权分配机制,蔡聪/机械工业出版社/2017-1/49元,6.6,47
可转债投资魔法书,安道全/电子工业/2012-4/29.80元,7.1,162
忠告,罗伊.R.纽佰格/王维群/上海财经大学出版社/2008-1/25.00元,6.9,109
财务揭黑,郑朝晖/大连出版社/2008-8-1/39.00元,7.4,17
外汇交易圣经,魏强斌/经济管理出版社/2008-7/49.00元,6.7,112
对冲基金到底是什么？,黄徽/中信出版社/2011-7/35.00元,7.2,412
年薪百万是规划出来的,浙江大学出版社/2013-12-1/32,8.5,24
股爷天下,王安/中信/2011-8/68.00元,7.5,84
危机与变革,【美】乔治·索罗斯/蒋宗强/中信出版社/2013-3-1/58.00元,6.3,83
K线图快速入门,刘元吉、刘强/中国纺织出版社/2012-9/32.80元,8,50
24天,[美]丽贝卡·史密斯、约翰·R.埃姆什威勒/荣恩琳/上海远东出版社/2004-8/44.80元,7.6,77
窮查理的普通常識(修訂版)：巴菲特50年智慧合夥人 查理．蒙格的人生哲學,查理．蒙格(CharlesT.Munger)、彼得．考夫曼／編輯/李彔、李繼宏等/商業周刊/2014-7-22/NT420,8.8,14
穷理查年鉴,本杰明・富兰克林/刘玉红/上海远东出版社/2003-04-01/24.9,8.2,193
人人都看得懂的财报书,孟庆宇/北京联合出版公司/2014-1-1/36.00,7.9,39
高胜算交易策略,罗伯特·C·迈尔/张意忠/万卷出版公司/2010-4/48.00元,7.1,61
高收益债券实务精要,罗伯特S.克里切夫/2013-1/58.00元,8,29
投行实鉴,投行小兵/清华大学出版社/2014-8-1/88.00元,8.7,21
公司财务原理,理查德A.布雷利、斯图尔特C.迈尔斯/方曙红等/机械工业出版社/2004-4-1/108.00元,9.1,163
会赚钱的行为经济学,（美）陈其一（Kay-YutChen）、玛丽娜·克拉科夫斯基（MarinaKrakovsky）/王茂斌、、夏冰/机械工业出版社/2011-7/39.00元,8.5,41
波浪理论经典,拉尔夫·N·艾略特/何平林/天津社会科学院出版社/2012-1/38.00元,6.9,59
股市真面目,吴家俊/广东省出版集团，广东经济出版社/2010-1/48.00元,7,12
一分钟百万富翁,马克·维克多·汉森/曹彦博/中信出版社/2003-1-1/29.00,7.5,67
做市商,成一虫/团结出版社/2012-3-1/28.00元,7.9,78
职业期货交易者,斯坦利·克罗/山西人民出版社发行部/2013-3/39.00元,7.9,77
量化投资与对冲基金 量化投资——策略与技术（典藏版）,丁鹏/电子工业出版社/2014-9/118.00元,6.6,21
布林线,约翰·布林格/海通证券研究所/百家出版社/2002-07-01/23,7.2,101
风险价值VAR,菲利普·乔瑞/中信/2010-4/78.00元,8,36
买房那些事,李石养/机械工业出版社/2012-11/39.80元,7.1,36
资本回报·穿越资本周期的投资,（英）爱德华.钱塞勒/中国金融出版社/2017-5-1/CNY58.00,9.6,18
驾驭交易,约翰·F·卡特/王嘉卫/广东经济出版社/2007-11/68.00元,7.6,60
寻找最优中国公司,雪球财经/2011-5/38.00元,8,31
价值投资五大关键,：(美)J.DennisJean-Jacques著黄嘉斌译/黃嘉斌/McGraw-Hill/2004年10月/360元,9.3,11
行为金融,詹姆斯·蒙蒂尔/赵英军/中国人民大学出版社/2007-5/35.00元,8,104
量化投资,丁鹏/电子工业出版社/2011-12-28/88.00元,5.6,137
风险投资手册,戴维・格拉德斯通、劳拉・格拉德斯通、郑荣清、孙涤、郭文哲/郑荣清、孙涤、郭文哲/上海人民出版社/2005-1-1/32.00,8.2,24
数字的谎言,亚历克斯·贝伦森/于继革/中信出版社/2006-1/32.00元,7.1,93
花旗帝国,（美）莫尼卡•兰利/刘晶晶/中信出版社/2005-01/38.00,7.9,335
我不是多头,[美]迈克尔·斯坦哈特/杨新兵/中国青年出版社/2008-01-01/39.00元,7.3,76
风险思维,迪伦•埃文斯(DylanEvans)/石晓燕/中信出版社/2013-6/39.00元,6.9,75
胡立阳股票投资100招,胡立阳/经济日报出版社/2008年/45.00元,7.4,210
数学家妙谈股市,（美）保罗斯、JohnAllenPaulos/李月平等/机械工业出版社/2005-1-1/24元,7.3,38
泡沫,约翰·卡尔弗利/北京师大/2006-2/28.00元,7.4,78
预测背后的逻辑,鲁政委/2012-8/42.00元,7.5,37
有钱人穷的时候都在做什么,（美）克丽丝特尔•佩因（CrystalPaine）/陈书/2014-7/29.80元,7.4,26
大数投资,齐东平/中国人民大学出版社/2012-4/32.00元,6.9,57
中国私募股权融资与创业板上市实务操作指南,石育斌/法律出版社/2009-6/96.00元,8.1,29
疯狂经济学,[英]唐·汤普森/谭平/南海出版公司/2013-9-1/49,8,195
投行笔记,徐子桐/机械工业出版社/2014-3/49.00,6.5,176
Best Practices for Equity Research Analysts,JamesJ.Valentine/McGraw-Hill/2010-12-13/GBP67.99,7.9,24
你也可以成為股票操作高手,立花義正/佐佐木雅博/同友館/1999年9月/NT$420元,8.2,30
量化投资：数据挖掘技术与实践（MATLAB版）,卓金武、周英/电子工业出版社/2015-5/88,7.5,12
外汇交易的12堂必修课,贾雷德·F·马T内斯/宋双燕/中国青年/2008-1/38.00元,7.1,46
与狼共舞,LarryWilliams/益智/2009-3/32.00元,8.5,41
战胜庄家-99新篇章（Defeat Banker）,青木/广东经济出版社/1999年7月/13.8,7.1,48
股市获利倍增术,杰森·凯利/钱峰/机械工业出版社/2009-4/32.00元,7.9,26
资产的博弈,（英）桑普森/窦尔翔/李洪涛/窦文章/中信出版社/2008－11/59.00元,7.5,67
高盛眼中的世界,(英)吉姆·奥尼尔（JimO'Neill）/吴进操/机械工业出版社/2012-4/39.90元,7.1,120
江恩股市定律,（美）江恩（Gann，W.D.）/田继鸣、胡怀栋/清华大学/2006-1/29.00元,7.3,99
高级债券资产组合管理,法伯兹/钱泳/7-81122/2007-12/48.00元,7.6,13
3小时快学期权,上海证券交易所衍生品部/格致出版社/2016-6/25.00元,8.4,17
资产证券化实务精解,RobertS.Kricheff/陈丽霞、林东/机械工业出版社/2013-12-11/49,6.7,18
对话私募股权与风险投资大师,（美）罗伯特A.芬克（RobertA.Finkel）、大卫·格雷森（DavidGreising）/房四海、马乐、郭实/机械工业出版社/2010-10/45.00元,7.4,38
ETF投资,上海证券交易所/上海教育出版社/2014-2-1/CNY48.00,7.3,38
从一万到一亿,刘海亮、买敬江/金城出版社/2013-9/CNY32.80,6.8,106
达摩达兰论投资,阿斯沃斯·达摩达兰/李昆/东北财经大学出版社/2015-1/68.00元,8.6,10
从案例解读房地产私募基金的投资与运作,邹菁/法律出版社/2015-9-1/CNY48.00,6.7,19
趋势交易大师,戴若·顾比/地震/2005-9/38.00元,7.4,109
崩溃点战术,铸剑先生/2012-1/39.80元,6,35
高盛如何统治世界,威廉D.科汉/李建军、汪川、廖淑萍/机械工业出版社/2012-7/69.00元,6.5,35
恐慌与机会,（美）史蒂芬·韦恩斯/赵耀、霍春辉、陈瑶/机械工业出版社/2010-6/36.00元,7.3,46
Money Master the Game,AnthonyRobbins、TonyRobbins/Simon&Schuster/2014-11-18/GBP20.79,6.9,17
香港地产业百年,冯邦彦/东方出版中心/2007年1月第1版/40,8.1,214
投资心理规则,罗伯特・库佩尔、霍华德・阿贝尔/清华大学出版社/2003年/16.00,7.6,70
银行并购,戴维斯/中国金融出版社/2003-1/24.00元,6.7,10
华尔街操盘手日记,高山/2008-3/25.00元,7.3,305
我在私募生存的十二年,欧阳之光/机械工业/2012-1/38.00元,8.2,47
粤海重组实录,武捷思/经济科学出版社/2004-1/28.00元,6.8,37
风投的选择,[印]TarangShah、[印]SheetalShah/袁国忠/人民邮电出版社/2013-8/69.00,8.8,20
The Theory of Investment Value,JohnBurrWilliams/FraserPublishingCo./1997-6-1/USD32.95,8,10
风险管理与金融机构,[加]约翰*赫尔/机械工业出版社/2007-1/50.00元,9.4,75
凯恩斯文集-投资的艺术,J.M.凯恩斯/王雅悦等/江苏人民出版社/1998-2/18.00,7.9,39
Dear Chairman,JeffGramm/HarperBusiness/2016-2-23/USD29.99,8,12
富爸爸点石成金,[美]罗伯特·清崎、[美]唐纳德·特朗普/宋宏宇、李君/四川文艺出版社/2013-10-1/29.8,8.6,89
擒庄秘籍-威科夫股票技术分析方法导论,理查德•D.威科夫(RichardD.Wyckoff)/上海财经大学出版社/2012-12-1/48.00元,7.5,10
监守自盗,【美】查尔斯H.弗格森/纪晓峰、张颖/机械工业出版社/2013-9/49.00元,7.3,24
猎杀黑马,王宁（王者）/机械工业出版社/2010年6月/39.00元,7.3,167
蜡烛图方法,（美）比加洛著，杨永新等译/杨永新/机械工业/2004-1/32.00元,7.4,112
概率游戏,凌波/北京斯坦威图书有限责任公司/2015-6-1/CNY45.00,6.4,21
我做散户这十年,徐茂华/上海远东出版社/2011-5-20/28.00元,7,134
我们自己制造的魔鬼,布克斯塔伯/黄芳/中信出版社/2008-11/38.00元,8,74
华尔街教父,(美)本杰明.格雷厄姆/杨宇光/等/上海远东出版社/1999-01/14.00,8,31
江恩,W.D.江恩(美)/陈鑫/中国财政经济出版社/2002-03-01/18.00,7.9,45
价值的魔法,托马斯·奥/林海/中信出版社/2009-9/59.00元,7.4,37
富国之道：富国银行董事长写给股东的信,［美］理查德•柯瓦希维奇［美］约翰•斯坦普著/王礼译/广东旅游出版社/2016-4-1/45.00,7.8,39
投资先锋（套装上下册）,约翰·博格/宋三江、屠炜颖、吴天雷/机械工业出版社/2012-6/108.00元,7,13
富爸爸穷爸爸实践篇,(美)罗伯特·清崎//莎伦·莱希特|译者:萧明/萧明/南海出版公司/2009-1/28.00元,6.6,321
我的第一本金融入门书,邹一南/人民邮电出版社/2012-8/30.00元,7.5,109
中国式投行,张立洲、刘兰香/中信出版社/2015-10-8/59.00,7.4,107
远离财务骗术,郑朝晖/机械工业/2010-6/38.00元,7.5,21
股市怪杰,杰克·施瓦格/董瑞霞/2014-4-1/49.8,7.6,18
金融交易学（第一卷）,投资家1973/2010-3/49.00元,6.5,44
A Short History of Financial Euphoria,JohnKennethGalbraith/PenguinBooks/1994-7/USD14.00,8.1,16
夠了,約翰．伯格/陳雅汝/早安財經文化/2009-07/NT280,8,13
对冲基金大师,阿里·基辅(AriKiev)/罗曼、姚雯静、朱国裕/上海财经大学出版社/2011-9/53.00元,6.8,14
浪潮之巅,吴军/电子工业出版社/2011-8/55.00元,9.1,18904
技术革命与金融资本,佩蕾丝；田/田方萌/中国人民大学出版社/2007-1/35.00元,8.7,97
Enough,JohnC.Bogle/Wiley/2008-11-10/USD24.95,8.8,11
江恩理论,黄？中/地震出版社/2003-1/30.00元,7,64
大投机家3.股票培训班,[匈]安德烈·科斯托拉/邓小红、梁东方/海南出版社/2001-05/19.80,7.3,123
操纵,郎咸平/东方/2010-1/36.00元,7.4,75
巴菲特高收益投资策略,吉瓦·拉玛斯瓦米/鲁冬旭/中信出版社/2014-1-1,7.7,42
被绑架的中国经济,刘军洛/中信出版社/2010-6/29.00元,7.5,383
高明的波段交易师,艾伦S.法雷/刘海青/机械工业出版社/2006-5/45.80元,7,68
非赌博式交易,马塞尔·林克/沈阳格微翻译服务中心/万卷出版公司/2010-1/45.00元,7,62
房地产周期百年史,HuoYiTe/贾祖国/EconomicSciencePress/2011-9/68.00元,8,25
下一轮经济周期,哈瑞·丹特/中信出版社/2009-7/42.00元,7.4,88
A股赚钱必修课,洪榕/中国友谊出版公司/2016-12/55.00,5.5,38
价格交易,辛宇/经济日报出版社/2011-1/30.00元,6.3,23
房势,张捷/2012-3/48.00元,8.3,39
一本书读懂投资理财学,李昊轩/中国华侨出版社/2010-9-1/32.00元,6,170
投资革命,肖风/中信出版社/2014-7-1/CNY59.00,6.9,71
资产组合选择和资本市场的均值-方差分析,[美]哈里M.马科维茨(HarryM.Markowitz)、[美]G.彼得o托德（G.PeterTodd）/黄涛/机械工业出版社/2016-6/90.00,6.9,10
我靠基金38岁退休,王仲麟/商务印书馆/2013-1/18.00元,7.1,25
Trends in Quantitative Finance,FrankJ.Fabozzi、SergioM.Focardi、PetterN.Kolm/ResearchFoundationofCFAInstitute/2006-4-21/USD9.95,7.2,10
30部必读的投资学经典,高倚云刘伟赵小川/北京工业大学出版社/2006-1/26.80元,7.4,65
高盛文化,[美]里莎·埃迪里奇/王智洁、肖云、胡波/华夏出版社/2001-1/26.00元,6.6,112
金融与好的社会,罗伯特·希勒/束宇/中信出版社/2012-12-5/75.00元,7.7,348
时寒冰说,时寒冰、时菱蔓绘/上海财经大学出版社/2011-7/39.90元,8.6,3477
经济指标解读：洞悉未来经济发展趋势和投资机会（第3版）,伯纳德·鲍莫尔（BernardBaumohl）/徐国兴、吴克伦，赵少平/人民邮电出版社/2014-11/79,7.7,20
水晶球,杨青/机械工业出版社/2009-3/48.00元,6.7,239
国债基差交易：避险、投机和套利指南(原书第3版）,[美]盖伦D.伯格哈特（GalenD.Burghardt）、特伦斯M.贝尔顿（TerrenceM.Belton）/王玮/机械工业出版社/2016-5-31/59.00,8.4,10
吴敬琏：十年纷纭话股市,吴敬琏/上海远东出版社/2001-03/22.00,8.1,36
价值投资法,提摩西・维克/李东、张戎/百家出版社/2002-1/25.00元,6.3,30
救救你的钱包,马克·费奥伦蒂诺/张卉，《钱经》杂志/山西人民出版社/2011-10/29.00元,8,129
世界是部金融史,陈雨露，杨栋/2013-1/49.80元,7.7,104
庄家之死,陈斯文/中信出版社/2011-12/38.00元,6.8,92
超越人性,李大霄、贾肖明/经济日报出版社/2010-1-1/36.00元,8.3,30
债,[美]大卫·格雷伯/董子云、孙碳/中信出版社/2012-11/69.00元,8.8,156
中国资产证券化操作手册,林华/中信出版社/2015-7-1/CNY128.00,6.9,65
日内交易策略,戴维·班尼特/张意忠/万卷出版公司/2010-1/33.00元,6.2,83
专注投资,西点老A/中国经济出版社/2015-6-1/48.00,7.5,87
空头之王,（美）大卫•艾因霍恩/张伟、吴溪、韦鲁鹏/机械工业出版社/2014-4/59.00,7,26
股票行情的真谛,威廉·D·江恩/钟业红/天津社会科学院出版社/2012-1/28.00元,6.9,38
我的钱：互联网金融，如何理财？,羿飞/江苏凤凰文艺出版社/2015-1/58.00,7.8,190
一个聪明的投资者,[美]乔•卡伦/李莉、吴传珍/中信出版集团/2017-4/58.00元,7.6,23
白话投资,李驰/经济日报/2008-1/39.00元,6.8,200
中国巨债,刘海影/中信出版社/2014-10/58.00元,8.2,160
缠论解盘,缠中说禅、股海盗贼/九州出版社/136.00,7.2,32
沃尔特.瑞斯顿与花旗银行,菲利普.L.茨威格/孙郁根/海南出版社/1999-04-01/69.80,8.5,24
投资高手访谈录,沈良/地震出版社/2011-7/39.80元,8.1,33
寻找下一个“独角兽”：天使投资手册,天使成长营/机械工业出版社/2016-6/55.00,7.8,28
操纵,郎咸平/东方出版社/2004-05/39.60,7.5,212
种下股权的苹果树,唐伟、车红/机械工业出版社/2016-7/59.00,6.6,28
对冲基金,罗伯特·A·耶格/黄嘉斌/东方出版社/2011-1/39.00元,7.8,25
富爸爸大预言,RobertT.KiyosakiandSharonL.Lechter/李钊平/电子工业出版社/2003-3/22.00元,7.6,315
論性──曹仁超創富智慧書,曹仁超/天窗出版/2008-11-19,8.3,81
没有银行的世界,SimonDixon/电子工业出版社/2015-1-1/CNY50.00,5.5,44
"Neuroeconomics, Second Edition",AcademicPress/2013-10-11/USD89.95,7.2,10
短线是银,唐能通/四川人民/2007-8/25.00元,7.6,45
标准普尔选股指南,迈克尔·凯伊/上海财经大学出版社/2008-8/31.00元,7.5,27
富爸爸提高你的财商,罗伯特·青崎/南海出版社/2008.10/25,7.6,353
股权投资基金与并购,亚洲商学院/2012-9/34.00元,6.5,14
投资决策中的心理博弈,[美]大卫•E•阿德勒/李伟/中国人民大学出版社/2011-3-31/42.00元,7.7,31
价值投资,格伦·阿诺德(GlenArnold)/易荣华/上海远东出版社/2010年5月1日/58.00元,8.1,36
股权投资基金基础知识要点与法律法规汇编,中国证券投资基金业协会/中国金融出版社/2016-8/36元,6.8,42
投资估价--评估任何资产价值的工具和技术,(美)AswathDamodaran/朱武祥/等/清华大学出版社/1999-04/48.00元,7.6,10
交易赢家的心理优势,[美]迈克尔·S.萧普谢尔/曾晓涛/山西人民出版社/2010-10/30.00元,7.1,56
大师的投资智慧,（美）特雷恩/罗怀宇、刘晓楠、熊舟/中信出版社/2010-4-1/39.00元,7.8,48
投资银行并购业务,王明夫/企业管理出版社/1999-05/60.00,8,28
图表辨析与交易系统,李汉军/机械工业出版社/2012-7/56.00元,7.2,31
基础设施投资策略、项目融资与ppp,［瑞士］芭芭拉·韦伯（BarbaraWeber）、［德］汉斯·威廉·阿尔芬（HansWilhelmAlfen）/罗桂连、孙世选/机械工业出版社/2016-6-15/85.00,7.3,10
冷酷的钢铁,[英]蒂姆·博凯、[英]拜伦·奥希/吕敬娇/中信出版社/2010-4/39.00元,8.6,70
证券组合定量管理,路德维希·B·钦塞瑞尼、金大焕/韩立岩/中国财政经济出版社/2011-6/80.00元,7.8,12
黄金短线交易的14堂精品课,魏强斌//欧阳傲杰//王浩//BULL/经济管理出版社/2010-4/68.00元,7.2,49
秃鹫投资,[美]乔治·舒尔茨（GeorgeSchultze）、[美]简奈特·刘易丝（JanetLewis）/何正云、张晓雷/安徽人民出版社/2016-6-1/42.00元,7.6,10
盘面细节分析,潘伟君/地震出版社/2010-8-1/38.00元,7.1,49
技术分析简史,[美]罗闻全、[美]哈桑霍德齐克/朱振坤/机械工业出版社/2014-1/49.00,9.1,32
信用创造、货币供求与经济结构,李斌、伍戈/中国金融出版社/2014-12-1/58.00元,8.4,142
上市公司并购重组监管制度解析,马骁/2009-12/48.00元,6,31
量化投资：以Python为工具,蔡立耑/电子工业出版社/2017-2/99,7.8,19
New Trading Systems and Methods,PerryJ.Kaufman/Wiley/2005-2-28/USD135.00,7.8,19
基于EXCEL的金融学原理,[美]西蒙·本尼卡/金永红、陆星忠、郭建邦、康倩/中国人民大学出版社/2014-8/79.00元,8.1,10
财务报告的秘密语言,马克·哈斯金斯/中信/2009-10/35.00元,7.7,84
非常潜力股,PhilipA.Fisher/羅耀宗/JohnWiley＆Sons/1998年4月/360元,8.5,10
资本的力量,廖文剑/2012-10/55.00元,6.9,14
The Treasury Bond Basis,GalenBurghardt、TerryBelton/McGraw-HillEducation/2005-9-1/GBP66.99,8,10
亿万美元的错误,[美]斯蒂芬·韦斯（StephenL.Weiss）/李丹青/中国人民大学出版社/2015-4/52.90元,7.4,26
财富与梦想,第一财经传媒有限公司编著/2010-12/48.00元,6.4,121
The Mathematics of Money Management,RalphVince/Wiley/1992-4-17/USD95.00,7.7,10
直觉交易商 开发你内在的交易智慧 罗伯特.库佩尔,罗伯特.库佩尔/清华大学出版社/1999-7/14.00元,8.2,30
金融信托投融资实务与案例,王巍/经济管理出版社/2013-1/98.00元,5.8,40
The 3G Way,FranciscoSouzaHomemdeMello/AjaxBooks/2014-8-14/USD15.00,6.6,10
交易员量价实战技法,马克·莱博威特/2012-8/59.00元,6.8,17
华人杰出投资者,张志雄,7.2,15
大宗商品投资从入门到精通,汤姆•陶利(TomTaulli)/人民邮电出版社/2013-5-1/CNY45.00,6.7,19
Asset Management,AndrewAng/OxfordUniversityPress/2014-8-6/USD95.00,6.5,10
一生的理财计划,王在全/北京大学出版社/2007-1/39.00元,6.4,375
中国通,提姆・克里索德、张桦/张桦/上海三联书店/2005-5/19.80,8.8,58
金融时间序列分析,RueyS.Tsay/王辉、潘家柱/人民邮电出版社/2009-6-1/79.00元,9,129
华尔街的智慧天才,(美)佩里·梅林(PerryMehrling)/张振/中信出版社/2007-8/38.00元,7.6,44
理财最重要的事,卡尔·理查兹(CarlRichards)/中信出版社/2016-3-1/CNY35.00,7.2,97
财报这么有趣,钟朝宏/机械工业出版社/2014-4/49.00,8.3,24
财富预言,《证券市场周刊》编/中华工商联合出版社有限责任公司/2009-10/39.00元,7.8,53
期货投资策略,胡斐/经济管理出版社/2014-12-1/28.00元,5.4,40
郎咸平说：你的投资机会在哪里,"郎咸平、马行空/东方出版社,人民东方出版传媒有限公司/2016-1-1/CNY39.00",7.1,67
盘口,徐小明/2012-8/35.00元,6.2,125
正在爆发的股权战争,[美]杰夫·格拉姆/陈祺祺、路本福/广东人民出版社/2017-6/58.00元,6.9,10
对冲基金风云录3,巴顿•比格斯/蒋宗强/中信出版社/2013-10-1/46.00元,8.3,72
黄金、美元与权力,[美]弗朗西斯·加文/严荣/社会科学文献出版社/2011-8-4/39.00元,8.4,53
MBA教不了的创富课,老雕/当代中国出版社/2011-1-1/28.00元,6.9,3760
缠论解析,江南小隐/中国宇航出版社/2012-7-1/23.00元,7.3,143
亲历投行,班妮/中国法制出版社/2013-10-10/38.00,9.4,975
Berkshire Hathaway Letters to Shareholders,WarrenBuffett、MaxOlson(Editor)/MaxOlson/2013-4-25/USD19.23,7.8,16
中国式私募股权投资,李寿双/法律出版社/2008年7月/68.00元,7.4,38
管道的力量,贝克·哈吉斯/成功世纪/2008-7/13.80元,6.9,104
交易择时技术分析：RSI、波浪理论、斐波纳契预测及复合指标的综合运用（原书第2版）,[美]康斯坦丝M.布朗（ConstanceM.Brown）/郭洪钧/机械工业出版社/2016-9/59.00,8.3,10
大衰退,（美）辜朝明/东方出版社/2008/11/01/39.00元,6.9,458
Commercial Real Estate Analysis & Investments,DavidM.Geltner、NormanG.Miller、JimClayton、PietEichholtz/ONCOURSELEARNING/2006-12-1/USD193.95,7.3,10
垃圾债券掘金指南,（美）罗伯特•莱文/蔡笑/机械工业出版社/2013-1/42.00元,7,25
教鸟儿飞行,帕布罗·特里亚纳/林丽萍、高彩霞/中国人民大学出版社/2014-6-1/72.90,9.4,23
保险是怎样骗人的和并不骗人的保险,谭笑/中信出版社/2005-9/24.00元,7.1,54
会计学原理,(美)韦安特/袁淳/中信出版社/2011-4-1/248.00元,6.3,27
如何利用ETF基金在股市中套利,马文·阿普尔/郑博/中国青年/2008-1/38.00元,8.5,19
用普通股进行长期投资,埃德加·史密斯、约翰·穆迪/中国华侨出版社/2009-8/29.80元,7.2,17
Monkey Business,JohnRolfe、PeterTroob/BusinessPlus/2001-4-1/14.95美元,6.7,303
投资学,（美）剌利，（美）诺顿/李月平/清华大学出版社/2009-5/83.00元,5.8,10
生财有道,博多·舍费尔/綦甲福/新世界出版社/2004-01/20.00,6.8,21
理财圣经,黄培源/中国社会出版社/1999-04/24.00元,8.6,41
李大霄投资战略,李大霄/经济日报/2011-3/36.00元,8.8,43
股票投资入门与实战技巧,王坤/团结出版社/2014-10-1/CNY35.00,6.8,99
金融长尾战略,杜丽虹//姜昧军/清华大学/2011-1/39.80元,6.5,41
金融大骗局,林育诗、叶佛和/九州出版社/2013-12/29.80元,8.3,37
理财产品全攻略,罗显良/中国宇航出版社/2013-4/38.00元,7.6,27
The Millionaire Next Door,ThomasJ.Stanley、WilliamD.Danko/PocketBooks/1998-10-01/GBP9.99,8.1,48
巴菲特选股10招,刘建位/中信出版社/2009-12/29.00元,7.3,58
华尔街赌局,[美]维克多•尼德霍夫、劳雷尔•肯纳/中信出版社/2008-1/46.00元,7,52
快乐致富-获得财富与快乐的7个策略,吉姆·罗恩/张恩聊/航空工业出版社/2006-8/22.00元,7.9,41
巴菲特经典投资案例,理查德・西蒙斯/孙大威/中国财政经济出版社/2003-1-1/20.00元,8.3,21
上市公司的48大财务迷局,郑朝晖/机械工业出版社/2009-8/38.00元,7.5,41
就想有一间自己的公寓,天明、石晶莹/中信出版社/2013-2-1/32.00元,6.6,55
小风暴1.0,肖茉莉/中信出版社/45,5.5,265
看懂财经新闻的第一本书,陈思进、金蓓蕾/浙江人民出版社/2011-12-22/32.00元,6.4,1231
The Man Who Knew,SebastianMallaby/PenguinPress/2016-10-11/USD40.00,8.9,22
不理性也能赚钱,[美]泰瑞柏翰TerryBurnham/朱道凱/脸谱出版城邦文化/2006-7-31/TWD340,7.8,12
Common Sense on Mutual Funds,JohnC.Bogle/Wiley/2009-12-02/USD29.95,8.5,13
金融异术,（美）罗闻全、（美）哈桑霍德齐克/刘寅龙/机械工业/2010-6/45.00元,6.8,56
Confidence Game,ChristineS.Richard/BloombergPress/2011-3-29/USD16.95,8.7,22
聪明投资,乔治·达格尼诺/黄嘉斌/山西人民出版社/2011-1/48.00元,7.6,37
股市大亨,约翰·特雷恩/刘晶晶/中信/2007-7/36.00元,7.3,68
Quantitative Equity Portfolio Management,LudwigBChincarini、DaehwanKim/McGraw-Hill/2006-7-27/USD75.00,7.8,10
就这样理财 就这样生活,汪标/2014-7-1/36,7.6,25
